timestamp,predicted_digit,confidence,mean_pixel_intensity,latency_ms,model_name
2026-08-09 09:00:11,2,0.9999,125.1582,0.61,ANN_Scratch_v1
2026-08-09 09:00:46,9,0.9999,64.324,0.47,ANN_Scratch_v1
2026-08-09 09:00:46,8,1.0,66.8316,0.3,ANN_Scratch_v1
2026-08-09 09:00:46,6,1.0,67.787,0.23,ANN_Scratch_v1
2026-08-09 09:00:46,3,0.9985,67.9668,0.21,ANN_Scratch_v1
2026-08-09 09:00:46,2,1.0,65.8316,0.31,ANN_Scratch_v1
2026-08-09 09:00:46,4,0.9999,66.4247,0.16,ANN_Scratch_v1
2026-08-09 09:00:46,7,0.9601,67.5064,0.16,ANN_Scratch_v1
2026-08-09 09:00:46,6,1.0,67.2972,0.16,ANN_Scratch_v1
2026-08-09 09:00:46,9,1.0,65.1097,0.17,ANN_Scratch_v1
2026-08-09 09:00:46,8,1.0,68.2551,0.17,ANN_Scratch_v1
2026-08-09 09:00:46,8,1.0,66.3291,0.16,ANN_Scratch_v1
2026-08-09 09:00:46,7,0.9907,68.3546,0.22,ANN_Scratch_v1
2026-08-09 09:00:46,6,1.0,66.5268,0.17,ANN_Scratch_v1
2026-08-09 09:00:46,2,1.0,64.4464,0.2,ANN_Scratch_v1
2026-08-09 09:00:46,7,0.9925,67.2117,0.22,ANN_Scratch_v1
2026-08-09 09:00:46,5,1.0,70.1939,0.22,ANN_Scratch_v1
2026-08-09 09:00:46,2,1.0,66.4247,0.16,ANN_Scratch_v1
2026-08-09 09:00:46,7,0.9862,66.7908,0.17,ANN_Scratch_v1
2026-08-09 09:00:46,7,0.9779,67.4286,0.22,ANN_Scratch_v1
2026-08-09 09:00:46,2,1.0,68.4668,0.16,ANN_Scratch_v1
2026-08-09 09:00:46,3,0.9987,69.7232,0.16,ANN_Scratch_v1
2026-08-09 09:00:46,4,0.9998,67.5319,0.15,ANN_Scratch_v1
2026-08-09 09:00:46,7,0.9796,67.088,0.16,ANN_Scratch_v1
2026-08-09 09:00:46,6,1.0,67.2526,0.16,ANN_Scratch_v1
2026-08-09 09:00:46,0,1.0,66.5651,0.15,ANN_Scratch_v1
2026-08-09 09:00:46,8,0.9833,69.4401,0.21,ANN_Scratch_v1
2026-08-09 09:00:46,7,0.9817,69.8597,0.2,ANN_Scratch_v1
2026-08-09 09:00:46,8,1.0,69.6416,0.21,ANN_Scratch_v1
2026-08-09 09:00:46,5,1.0,69.0765,0.2,ANN_Scratch_v1
2026-08-09 09:00:46,8,1.0,66.5497,0.18,ANN_Scratch_v1
2026-08-09 09:00:46,1,1.0,66.3265,0.19,ANN_Scratch_v1
2026-08-09 09:00:46,1,1.0,68.6212,0.19,ANN_Scratch_v1
2026-08-09 09:00:46,6,1.0,67.1582,0.15,ANN_Scratch_v1
2026-08-09 09:00:46,6,1.0,68.3227,0.16,ANN_Scratch_v1
2026-08-09 09:00:46,8,1.0,70.1339,0.17,ANN_Scratch_v1
2026-08-09 09:00:46,5,0.9999,70.4388,0.22,ANN_Scratch_v1
2026-08-09 09:00:46,9,1.0,66.2194,0.2,ANN_Scratch_v1
2026-08-09 09:00:46,7,0.9529,68.162,0.19,ANN_Scratch_v1
2026-08-09 09:00:46,4,0.9999,67.0995,0.16,ANN_Scratch_v1
2026-08-09 09:00:46,8,1.0,69.2028,0.15,ANN_Scratch_v1
2026-08-09 09:00:46,4,0.9999,68.4796,0.17,ANN_Scratch_v1
2026-08-09 09:00:46,9,0.9999,67.1543,0.16,ANN_Scratch_v1
2026-08-09 09:00:46,2,1.0,68.0051,0.18,ANN_Scratch_v1
2026-08-09 09:00:46,0,1.0,69.7309,0.17,ANN_Scratch_v1
2026-08-09 09:00:46,6,1.0,67.7628,0.15,ANN_Scratch_v1
2026-08-09 09:00:46,0,1.0,70.1365,0.16,ANN_Scratch_v1
2026-08-09 09:00:46,2,1.0,69.1173,0.16,ANN_Scratch_v1
2026-08-09 09:00:46,8,0.9983,67.7653,0.25,ANN_Scratch_v1
2026-08-09 09:00:46,0,1.0,67.3074,0.2,ANN_Scratch_v1
2026-08-09 09:00:46,4,1.0,66.9617,0.18,ANN_Scratch_v1
2026-08-09 09:00:46,4,0.9999,67.0179,0.2,ANN_Scratch_v1
2026-08-09 09:00:46,4,0.9999,68.0153,0.17,ANN_Scratch_v1
2026-08-09 09:00:46,6,1.0,67.449,0.17,ANN_Scratch_v1
2026-08-09 09:00:46,5,0.9997,68.8967,0.16,ANN_Scratch_v1
2026-08-09 09:00:46,3,0.9979,68.9643,0.23,ANN_Scratch_v1
2026-08-09 09:00:46,7,0.9953,67.4656,0.15,ANN_Scratch_v1
2026-08-09 09:00:46,7,0.9959,63.9796,0.16,ANN_Scratch_v1
2026-08-09 09:00:46,1,1.0,65.8342,0.17,ANN_Scratch_v1
2026-08-09 09:00:46,4,1.0,66.7181,0.17,ANN_Scratch_v1
2026-08-09 09:00:46,4,0.9999,64.8265,0.16,ANN_Scratch_v1
2026-08-09 09:00:46,8,0.9963,66.0077,0.16,ANN_Scratch_v1
2026-08-09 09:00:46,4,1.0,67.139,0.19,ANN_Scratch_v1
2026-08-09 09:00:46,4,1.0,67.1747,0.17,ANN_Scratch_v1
2026-08-09 09:00:46,6,1.0,68.1939,0.19,ANN_Scratch_v1
2026-08-09 09:00:46,8,0.9997,67.1212,0.19,ANN_Scratch_v1
2026-08-09 09:00:46,2,1.0,66.9796,0.2,ANN_Scratch_v1
2026-08-09 09:00:46,0,1.0,68.0574,0.15,ANN_Scratch_v1
2026-08-09 09:00:46,4,0.9997,66.9503,0.17,ANN_Scratch_v1
2026-08-09 09:00:46,5,1.0,67.0421,0.15,ANN_Scratch_v1
2026-08-09 09:00:46,5,1.0,69.6518,0.16,ANN_Scratch_v1
2026-08-09 09:00:46,5,1.0,68.111,0.16,ANN_Scratch_v1
2026-08-09 09:00:46,1,1.0,67.4171,0.16,ANN_Scratch_v1
2026-08-09 09:00:46,3,0.9769,67.1722,0.15,ANN_Scratch_v1
2026-08-09 09:00:46,7,0.9903,66.5,0.17,ANN_Scratch_v1
2026-08-09 09:00:46,4,1.0,66.5357,0.21,ANN_Scratch_v1
2026-08-09 09:00:46,7,0.9788,72.0625,0.2,ANN_Scratch_v1
2026-08-09 09:00:46,1,1.0,67.6378,0.19,ANN_Scratch_v1
2026-08-09 09:00:46,4,1.0,67.3673,0.21,ANN_Scratch_v1
2026-08-09 09:00:46,8,0.9999,67.0753,0.22,ANN_Scratch_v1
2026-08-09 09:00:46,5,1.0,69.5281,0.17,ANN_Scratch_v1
2026-08-09 09:00:46,5,0.9999,67.2385,0.17,ANN_Scratch_v1
2026-08-09 09:00:46,0,1.0,68.3036,0.18,ANN_Scratch_v1
2026-08-09 09:00:46,9,1.0,69.5816,0.15,ANN_Scratch_v1
2026-08-09 09:00:46,1,1.0,70.1543,0.16,ANN_Scratch_v1
2026-08-09 09:00:46,4,1.0,65.6875,0.16,ANN_Scratch_v1
2026-08-09 09:00:46,0,1.0,68.9133,0.21,ANN_Scratch_v1
2026-08-09 09:00:46,9,1.0,67.3112,0.22,ANN_Scratch_v1
2026-08-09 09:00:46,6,1.0,66.7844,0.21,ANN_Scratch_v1
2026-08-09 09:00:46,2,1.0,66.5702,0.18,ANN_Scratch_v1
2026-08-09 09:00:46,4,0.9999,68.3087,0.18,ANN_Scratch_v1
2026-08-09 09:00:46,4,0.9998,66.4847,0.16,ANN_Scratch_v1
2026-08-09 09:00:46,8,1.0,68.2207,0.15,ANN_Scratch_v1
2026-08-09 09:00:46,6,1.0,67.5064,0.15,ANN_Scratch_v1
2026-08-09 09:00:46,3,0.9989,69.5051,0.16,ANN_Scratch_v1
2026-08-09 09:00:46,4,1.0,67.5395,0.15,ANN_Scratch_v1
2026-08-09 09:00:46,7,0.9685,68.3457,0.16,ANN_Scratch_v1
2026-08-09 09:00:46,6,1.0,65.264,0.15,ANN_Scratch_v1
2026-08-09 09:00:46,1,1.0,67.5306,0.18,ANN_Scratch_v1
2026-08-09 09:00:46,6,1.0,68.8839,0.23,ANN_Scratch_v1
2026-08-09 09:00:46,1,1.0,67.3699,0.15,ANN_Scratch_v1
2026-08-09 09:00:46,5,1.0,68.7832,0.18,ANN_Scratch_v1
2026-08-09 09:00:46,9,1.0,66.1301,0.16,ANN_Scratch_v1
2026-08-09 09:00:46,8,1.0,69.3941,0.16,ANN_Scratch_v1
2026-08-09 09:00:46,4,1.0,65.6263,0.15,ANN_Scratch_v1
2026-08-09 09:00:46,1,1.0,65.9592,0.17,ANN_Scratch_v1
2026-08-09 09:00:46,0,1.0,66.6786,0.15,ANN_Scratch_v1
2026-08-09 09:00:46,7,0.9807,69.1977,0.16,ANN_Scratch_v1
2026-08-09 09:00:46,0,1.0,66.7449,0.16,ANN_Scratch_v1
2026-08-09 09:00:46,8,1.0,70.2972,0.16,ANN_Scratch_v1
2026-08-09 09:00:46,3,0.994,66.9107,0.15,ANN_Scratch_v1
2026-08-09 09:00:46,8,0.9999,67.6518,0.2,ANN_Scratch_v1
2026-08-09 09:00:46,9,1.0,65.1505,0.16,ANN_Scratch_v1
2026-08-09 09:00:46,4,0.9999,67.551,0.16,ANN_Scratch_v1
2026-08-09 09:00:46,5,1.0,71.1097,0.15,ANN_Scratch_v1
2026-08-09 09:00:46,4,0.9999,68.1161,0.16,ANN_Scratch_v1
2026-08-09 09:00:46,7,0.9915,67.0077,0.17,ANN_Scratch_v1
2026-08-09 09:00:46,5,0.9974,69.4643,0.17,ANN_Scratch_v1
2026-08-09 09:00:46,5,1.0,68.5408,0.21,ANN_Scratch_v1
2026-08-09 09:00:46,2,1.0,66.9413,0.21,ANN_Scratch_v1
2026-08-09 09:00:46,0,1.0,70.1084,0.21,ANN_Scratch_v1
2026-08-09 09:00:46,3,0.997,69.8457,0.2,ANN_Scratch_v1
2026-08-09 09:00:46,2,1.0,67.2232,0.18,ANN_Scratch_v1
2026-08-09 09:00:46,3,0.99,68.3814,0.16,ANN_Scratch_v1
2026-08-09 09:00:46,5,1.0,69.3431,0.16,ANN_Scratch_v1
2026-08-09 09:00:46,6,1.0,69.3304,0.22,ANN_Scratch_v1
2026-08-09 09:00:46,1,1.0,69.6888,0.16,ANN_Scratch_v1
2026-08-09 09:00:46,2,1.0,67.2117,0.16,ANN_Scratch_v1
2026-08-09 09:00:46,2,1.0,66.4196,0.15,ANN_Scratch_v1
2026-08-09 09:00:46,4,1.0,67.5332,0.17,ANN_Scratch_v1
2026-08-09 09:00:46,3,0.9885,68.5702,0.16,ANN_Scratch_v1
2026-08-09 09:00:46,9,1.0,66.9349,0.21,ANN_Scratch_v1
2026-08-09 09:00:46,3,0.9961,65.676,0.21,ANN_Scratch_v1
2026-08-09 09:00:46,3,0.9928,67.3814,0.2,ANN_Scratch_v1
2026-08-09 09:00:46,0,1.0,70.3597,0.16,ANN_Scratch_v1
2026-08-09 09:00:46,2,1.0,67.1645,0.17,ANN_Scratch_v1
2026-08-09 09:00:46,2,1.0,68.6556,0.22,ANN_Scratch_v1
2026-08-09 09:00:46,8,0.9994,67.5357,0.18,ANN_Scratch_v1
2026-08-09 09:00:46,9,1.0,64.9885,0.16,ANN_Scratch_v1
2026-08-09 09:00:46,1,1.0,68.3724,0.16,ANN_Scratch_v1
2026-08-09 09:00:46,1,1.0,66.7398,0.17,ANN_Scratch_v1
2026-08-09 09:00:46,4,0.9986,66.6696,0.16,ANN_Scratch_v1
2026-08-09 09:00:46,1,1.0,69.4528,0.23,ANN_Scratch_v1
2026-08-09 09:00:46,4,1.0,65.2691,0.21,ANN_Scratch_v1
2026-08-09 09:00:46,6,1.0,66.4171,0.23,ANN_Scratch_v1
2026-08-09 09:00:46,1,1.0,68.2717,0.21,ANN_Scratch_v1
2026-08-09 09:00:46,2,1.0,67.9222,0.16,ANN_Scratch_v1
2026-08-09 09:00:46,3,0.9836,67.5625,0.15,ANN_Scratch_v1
2026-08-09 09:00:46,2,1.0,69.5472,0.21,ANN_Scratch_v1
2026-08-09 09:00:46,8,0.9998,66.227,0.25,ANN_Scratch_v1
2026-08-09 09:00:46,8,1.0,68.9515,0.24,ANN_Scratch_v1
2026-08-09 09:00:46,7,0.9787,68.2283,0.16,ANN_Scratch_v1
2026-08-09 09:00:46,1,1.0,67.898,0.16,ANN_Scratch_v1
2026-08-09 09:00:46,3,0.9777,67.5625,0.23,ANN_Scratch_v1
2026-08-09 09:00:46,0,1.0,69.4528,0.2,ANN_Scratch_v1
2026-08-09 09:00:46,8,0.9976,66.1543,0.19,ANN_Scratch_v1
2026-08-09 09:00:46,0,1.0,67.0523,0.16,ANN_Scratch_v1
2026-08-09 09:00:46,2,1.0,67.1773,0.15,ANN_Scratch_v1
2026-08-09 09:00:46,9,1.0,65.2742,0.15,ANN_Scratch_v1
2026-08-09 09:00:46,4,0.9987,64.9439,0.16,ANN_Scratch_v1
2026-08-09 09:00:46,3,0.9963,66.6633,0.16,ANN_Scratch_v1
2026-08-09 09:00:46,6,1.0,65.1084,0.15,ANN_Scratch_v1
2026-08-09 09:00:46,4,1.0,66.0829,0.16,ANN_Scratch_v1
2026-08-09 09:00:46,1,1.0,68.1365,0.15,ANN_Scratch_v1
2026-08-09 09:00:46,7,0.9651,69.6939,0.17,ANN_Scratch_v1
2026-08-09 09:00:46,3,0.9988,69.0918,0.16,ANN_Scratch_v1
2026-08-09 09:00:46,9,1.0,65.7487,0.16,ANN_Scratch_v1
2026-08-09 09:00:46,7,0.9931,63.8431,0.21,ANN_Scratch_v1
2026-08-09 09:00:46,8,1.0,67.037,0.24,ANN_Scratch_v1
2026-08-09 09:00:46,5,1.0,68.426,0.2,ANN_Scratch_v1
2026-08-09 09:00:46,8,0.9996,66.7883,0.21,ANN_Scratch_v1
2026-08-09 09:00:46,0,1.0,68.3827,0.23,ANN_Scratch_v1
2026-08-09 09:00:46,7,0.9846,66.5434,0.2,ANN_Scratch_v1
2026-08-09 09:00:46,7,0.9886,66.7372,0.24,ANN_Scratch_v1
2026-08-09 09:00:46,5,1.0,66.7296,0.21,ANN_Scratch_v1
2026-08-09 09:00:46,2,1.0,65.0625,0.25,ANN_Scratch_v1
2026-08-09 09:00:46,1,1.0,67.6849,0.27,ANN_Scratch_v1
2026-08-09 09:00:46,2,1.0,68.2245,0.2,ANN_Scratch_v1
2026-08-09 09:00:46,3,0.9939,67.7028,0.24,ANN_Scratch_v1
2026-08-09 09:00:46,6,1.0,67.7679,0.28,ANN_Scratch_v1
2026-08-09 09:00:46,8,1.0,66.727,0.27,ANN_Scratch_v1
2026-08-09 09:00:46,7,0.9773,67.986,0.22,ANN_Scratch_v1
2026-08-09 09:00:46,8,1.0,65.486,0.22,ANN_Scratch_v1
2026-08-09 09:00:46,6,1.0,67.1569,0.24,ANN_Scratch_v1
2026-08-09 09:00:46,7,0.9848,68.4235,0.28,ANN_Scratch_v1
2026-08-09 09:00:46,2,1.0,66.0995,0.21,ANN_Scratch_v1
2026-08-09 09:00:46,0,1.0,68.1084,0.22,ANN_Scratch_v1
2026-08-09 09:00:46,1,1.0,66.9171,0.21,ANN_Scratch_v1
2026-08-09 09:00:46,5,0.9999,69.0727,0.23,ANN_Scratch_v1
2026-08-09 09:00:46,6,1.0,67.6977,0.2,ANN_Scratch_v1
2026-08-09 09:00:46,3,0.945,68.4936,0.23,ANN_Scratch_v1
2026-08-09 09:00:46,1,1.0,66.1837,0.22,ANN_Scratch_v1
2026-08-09 09:00:46,4,1.0,65.0829,0.24,ANN_Scratch_v1
2026-08-09 09:00:46,5,1.0,69.7921,0.22,ANN_Scratch_v1
2026-08-09 09:00:46,8,0.9986,68.2117,0.24,ANN_Scratch_v1
2026-08-09 09:00:46,3,0.9956,67.1926,0.24,ANN_Scratch_v1
2026-08-09 09:00:46,4,0.9998,67.4656,0.21,ANN_Scratch_v1
2026-08-09 09:00:46,4,1.0,64.7423,0.25,ANN_Scratch_v1
2026-08-09 09:00:46,4,0.9999,66.7704,0.21,ANN_Scratch_v1
2026-08-09 09:00:46,0,1.0,68.102,0.2,ANN_Scratch_v1
2026-08-09 09:00:46,1,1.0,69.1454,0.17,ANN_Scratch_v1
2026-08-09 09:00:46,0,1.0,67.4528,0.17,ANN_Scratch_v1
2026-08-09 09:00:46,4,0.9987,65.949,0.15,ANN_Scratch_v1
2026-08-09 09:00:46,1,1.0,67.0753,0.23,ANN_Scratch_v1
2026-08-09 09:00:46,0,1.0,68.1582,0.16,ANN_Scratch_v1
2026-08-09 09:00:46,7,0.9905,69.9809,0.16,ANN_Scratch_v1
2026-08-09 09:00:46,8,0.9997,68.7207,0.22,ANN_Scratch_v1
2026-08-09 09:00:46,6,1.0,67.4554,0.19,ANN_Scratch_v1
2026-08-09 09:00:46,1,0.9999,68.0791,0.15,ANN_Scratch_v1
2026-08-09 09:00:46,7,0.9864,68.6071,0.16,ANN_Scratch_v1
2026-08-09 09:00:46,5,1.0,67.9758,0.18,ANN_Scratch_v1
2026-08-09 09:00:46,3,0.9958,66.5918,0.21,ANN_Scratch_v1
2026-08-09 09:00:46,0,1.0,68.4043,0.16,ANN_Scratch_v1
2026-08-09 09:00:46,9,1.0,66.7245,0.15,ANN_Scratch_v1
2026-08-09 09:00:46,5,0.9998,67.2117,0.24,ANN_Scratch_v1
2026-08-09 09:00:46,2,1.0,66.8469,0.16,ANN_Scratch_v1
2026-08-09 09:00:46,3,0.9819,67.3903,0.16,ANN_Scratch_v1
2026-08-09 09:00:46,0,1.0,69.1518,0.19,ANN_Scratch_v1
2026-08-09 09:00:46,8,1.0,67.5536,0.2,ANN_Scratch_v1
2026-08-09 09:00:46,4,0.9998,65.9426,0.21,ANN_Scratch_v1
2026-08-09 09:00:46,6,1.0,68.9171,0.19,ANN_Scratch_v1
2026-08-09 09:00:46,4,0.9999,65.9503,0.21,ANN_Scratch_v1
2026-08-09 09:00:46,0,1.0,69.3457,0.19,ANN_Scratch_v1
2026-08-09 09:00:46,5,1.0,68.0344,0.22,ANN_Scratch_v1
2026-08-09 09:00:46,0,1.0,67.0166,0.15,ANN_Scratch_v1
2026-08-09 09:00:46,0,1.0,66.6378,0.16,ANN_Scratch_v1
2026-08-09 09:00:46,2,1.0,67.4923,0.15,ANN_Scratch_v1
2026-08-09 09:00:46,1,1.0,66.9745,0.18,ANN_Scratch_v1
2026-08-09 09:00:46,5,0.9995,66.8673,0.16,ANN_Scratch_v1
2026-08-09 09:00:46,6,1.0,68.1543,0.14,ANN_Scratch_v1
2026-08-09 09:00:46,1,1.0,66.9069,0.15,ANN_Scratch_v1
2026-08-09 09:00:46,4,0.9999,67.2296,0.16,ANN_Scratch_v1
2026-08-09 09:00:46,4,1.0,67.4031,0.15,ANN_Scratch_v1
2026-08-09 09:00:46,5,1.0,69.3788,0.18,ANN_Scratch_v1
2026-08-09 09:00:46,2,1.0,68.3367,0.17,ANN_Scratch_v1
2026-08-09 09:00:46,8,0.999,69.3635,0.15,ANN_Scratch_v1
2026-08-09 09:00:46,5,0.999,67.5918,0.15,ANN_Scratch_v1
2026-08-09 09:00:46,2,1.0,67.7181,0.15,ANN_Scratch_v1
2026-08-09 09:00:46,9,1.0,65.0293,0.15,ANN_Scratch_v1
2026-08-09 09:00:46,4,0.9999,67.4783,0.16,ANN_Scratch_v1
2026-08-09 09:00:46,0,1.0,70.9452,0.15,ANN_Scratch_v1
2026-08-09 09:00:46,0,1.0,68.9145,0.16,ANN_Scratch_v1
2026-08-09 09:00:46,5,0.9998,69.0702,0.22,ANN_Scratch_v1
2026-08-09 09:00:46,9,1.0,67.4158,0.2,ANN_Scratch_v1
2026-08-09 09:00:46,0,1.0,70.5612,0.21,ANN_Scratch_v1
2026-08-09 09:00:46,8,1.0,68.0995,0.2,ANN_Scratch_v1
2026-08-09 09:00:46,8,1.0,66.3329,0.15,ANN_Scratch_v1
2026-08-09 09:00:46,7,0.9936,68.5319,0.19,ANN_Scratch_v1
2026-08-09 09:00:46,2,1.0,67.0204,0.22,ANN_Scratch_v1
2026-08-09 09:00:46,0,1.0,66.2895,0.16,ANN_Scratch_v1
2026-08-09 09:00:46,5,1.0,66.8852,0.16,ANN_Scratch_v1
2026-08-09 09:00:46,7,0.9944,66.4656,0.17,ANN_Scratch_v1
2026-08-09 09:00:46,7,0.9964,69.2181,0.27,ANN_Scratch_v1
2026-08-09 09:00:46,4,0.9999,65.9018,0.17,ANN_Scratch_v1
2026-08-09 09:00:46,5,0.9994,69.1173,0.16,ANN_Scratch_v1
2026-08-09 09:00:46,4,1.0,65.9847,0.17,ANN_Scratch_v1
2026-08-09 09:00:46,6,1.0,68.5026,0.17,ANN_Scratch_v1
2026-08-09 09:00:46,2,1.0,69.1709,0.21,ANN_Scratch_v1
2026-08-09 09:00:46,1,1.0,68.3827,0.19,ANN_Scratch_v1
2026-08-09 09:00:46,0,1.0,68.2283,0.2,ANN_Scratch_v1
2026-08-09 09:00:46,6,1.0,69.287,0.15,ANN_Scratch_v1
2026-08-09 09:00:46,6,1.0,68.9222,0.16,ANN_Scratch_v1
2026-08-09 09:00:46,3,0.9961,67.1352,0.18,ANN_Scratch_v1
2026-08-09 09:00:46,1,1.0,67.6671,0.15,ANN_Scratch_v1
2026-08-09 09:00:46,4,0.9999,66.2474,0.16,ANN_Scratch_v1
2026-08-09 09:00:46,8,1.0,67.4936,0.16,ANN_Scratch_v1
2026-08-09 09:00:46,4,1.0,67.5587,0.17,ANN_Scratch_v1
2026-08-09 09:00:46,8,0.9996,69.0115,0.18,ANN_Scratch_v1
2026-08-09 09:00:46,8,0.9986,66.9719,0.18,ANN_Scratch_v1
2026-08-09 09:00:46,2,1.0,63.8227,0.18,ANN_Scratch_v1
2026-08-09 09:00:46,0,1.0,69.8099,0.21,ANN_Scratch_v1
2026-08-09 09:00:46,7,0.9933,66.1888,0.16,ANN_Scratch_v1
2026-08-09 09:00:46,1,1.0,68.5816,0.16,ANN_Scratch_v1
2026-08-09 09:00:46,4,0.9999,66.8074,0.19,ANN_Scratch_v1
2026-08-09 09:00:46,6,1.0,69.5651,0.2,ANN_Scratch_v1
2026-08-09 09:00:46,8,1.0,68.7755,0.19,ANN_Scratch_v1
2026-08-09 09:00:46,8,1.0,68.3801,0.2,ANN_Scratch_v1
2026-08-09 09:00:46,8,1.0,67.7015,0.21,ANN_Scratch_v1
2026-08-09 09:00:46,5,0.9907,69.8048,0.16,ANN_Scratch_v1
2026-08-09 09:00:46,4,1.0,67.4464,0.17,ANN_Scratch_v1
2026-08-09 09:00:46,8,1.0,67.5089,0.17,ANN_Scratch_v1
2026-08-09 09:00:46,5,0.9999,71.0714,0.16,ANN_Scratch_v1
2026-08-09 09:00:46,3,0.987,67.6314,0.15,ANN_Scratch_v1
2026-08-09 09:00:46,3,0.986,67.6582,0.15,ANN_Scratch_v1
2026-08-09 09:00:46,3,0.9993,71.0625,0.15,ANN_Scratch_v1
2026-08-09 09:00:46,3,0.9993,68.736,0.15,ANN_Scratch_v1
2026-08-09 09:00:46,5,1.0,66.1798,0.16,ANN_Scratch_v1
2026-08-09 09:00:46,5,1.0,68.25,0.19,ANN_Scratch_v1
2026-08-09 09:00:46,6,1.0,65.25,0.2,ANN_Scratch_v1
2026-08-09 09:00:46,4,0.9999,65.7334,0.19,ANN_Scratch_v1
2026-08-09 09:00:46,7,0.9884,71.3839,0.15,ANN_Scratch_v1
2026-08-09 09:00:46,1,1.0,68.199,0.17,ANN_Scratch_v1
2026-08-09 09:00:46,9,1.0,66.3903,0.22,ANN_Scratch_v1
2026-08-09 09:00:46,6,1.0,70.5625,0.16,ANN_Scratch_v1
2026-08-09 09:00:46,3,0.9739,66.5523,0.15,ANN_Scratch_v1
2026-08-09 09:00:46,2,1.0,67.2066,0.16,ANN_Scratch_v1
2026-08-09 09:00:46,3,0.9946,69.0191,0.15,ANN_Scratch_v1
2026-08-09 09:00:46,6,1.0,67.7385,0.15,ANN_Scratch_v1
2026-08-09 09:00:46,5,0.9999,68.875,0.16,ANN_Scratch_v1
2026-08-09 09:00:46,0,1.0,67.926,0.15,ANN_Scratch_v1
2026-08-09 09:00:46,5,1.0,69.3431,0.16,ANN_Scratch_v1
2026-08-09 09:00:46,9,1.0,68.2788,0.29,ANN_Scratch_v1
2026-08-09 09:00:46,8,0.9571,71.5492,0.24,ANN_Scratch_v1
2026-08-09 09:00:46,6,1.0,69.4103,0.21,ANN_Scratch_v1
2026-08-09 09:00:46,3,0.9916,71.7485,0.17,ANN_Scratch_v1
2026-08-09 09:00:46,2,1.0,66.7677,0.22,ANN_Scratch_v1
2026-08-09 09:00:46,4,0.9985,71.8653,0.18,ANN_Scratch_v1
2026-08-09 09:00:46,7,0.9032,70.9315,0.16,ANN_Scratch_v1
2026-08-09 09:00:46,6,1.0,67.9129,0.18,ANN_Scratch_v1
2026-08-09 09:00:46,9,1.0,66.8074,0.15,ANN_Scratch_v1
2026-08-09 09:00:46,8,1.0,70.5484,0.2,ANN_Scratch_v1
2026-08-09 09:00:46,8,0.9999,70.6284,0.16,ANN_Scratch_v1
2026-08-09 09:00:46,7,0.9912,72.6037,0.16,ANN_Scratch_v1
2026-08-09 09:00:46,6,1.0,69.846,0.15,ANN_Scratch_v1
2026-08-09 09:00:46,2,1.0,67.5194,0.15,ANN_Scratch_v1
2026-08-09 09:00:46,7,0.995,70.6101,0.16,ANN_Scratch_v1
2026-08-09 09:00:46,5,1.0,75.1671,0.22,ANN_Scratch_v1
2026-08-09 09:00:46,2,1.0,65.3756,0.16,ANN_Scratch_v1
2026-08-09 09:00:46,7,0.9896,70.2181,0.16,ANN_Scratch_v1
2026-08-09 09:00:46,7,0.9861,70.3758,0.16,ANN_Scratch_v1
2026-08-09 09:00:46,2,1.0,74.2493,0.21,ANN_Scratch_v1
2026-08-09 09:00:46,3,0.9884,71.7142,0.16,ANN_Scratch_v1
2026-08-09 09:00:46,4,0.9992,69.6554,0.16,ANN_Scratch_v1
2026-08-09 09:00:46,7,0.9876,70.5907,0.16,ANN_Scratch_v1
2026-08-09 09:00:46,6,1.0,70.1016,0.16,ANN_Scratch_v1
2026-08-09 09:00:46,0,1.0,70.0464,0.22,ANN_Scratch_v1
2026-08-09 09:00:46,3,0.9284,71.4067,0.15,ANN_Scratch_v1
2026-08-09 09:00:46,7,0.9613,69.714,0.15,ANN_Scratch_v1
2026-08-09 09:00:46,8,0.5281,72.62,0.15,ANN_Scratch_v1
2026-08-09 09:00:46,5,1.0,72.6324,0.17,ANN_Scratch_v1
2026-08-09 09:00:46,8,1.0,67.9217,0.17,ANN_Scratch_v1
2026-08-09 09:00:46,1,0.9998,71.6055,0.17,ANN_Scratch_v1
2026-08-09 09:00:46,1,1.0,69.6217,0.2,ANN_Scratch_v1
2026-08-09 09:00:46,6,1.0,69.704,0.22,ANN_Scratch_v1
2026-08-09 09:00:46,6,1.0,71.4613,0.16,ANN_Scratch_v1
2026-08-09 09:00:46,8,0.9936,71.5057,0.15,ANN_Scratch_v1
2026-08-09 09:00:46,5,0.9948,70.6777,0.2,ANN_Scratch_v1
2026-08-09 09:00:46,9,1.0,68.0803,0.15,ANN_Scratch_v1
2026-08-09 09:00:46,7,0.9495,69.81,0.16,ANN_Scratch_v1
2026-08-09 09:00:46,4,0.9986,68.762,0.21,ANN_Scratch_v1
2026-08-09 09:00:46,8,1.0,73.0508,0.16,ANN_Scratch_v1
2026-08-09 09:00:46,4,0.9998,72.2627,0.16,ANN_Scratch_v1
2026-08-09 09:00:46,9,0.8396,68.7353,0.19,ANN_Scratch_v1
2026-08-09 09:00:46,2,1.0,72.1355,0.15,ANN_Scratch_v1
2026-08-09 09:00:46,0,1.0,73.4516,0.22,ANN_Scratch_v1
2026-08-09 09:00:46,6,1.0,71.9366,0.21,ANN_Scratch_v1
2026-08-09 09:00:46,0,1.0,74.0863,0.17,ANN_Scratch_v1
2026-08-09 09:00:46,2,1.0,73.6902,0.15,ANN_Scratch_v1
2026-08-09 09:00:46,8,0.9883,70.8395,0.2,ANN_Scratch_v1
2026-08-09 09:00:46,0,1.0,69.0513,0.16,ANN_Scratch_v1
2026-08-09 09:00:46,4,1.0,69.751,0.16,ANN_Scratch_v1
2026-08-09 09:00:46,4,0.998,67.7716,0.28,ANN_Scratch_v1
2026-08-09 09:00:46,4,0.9994,71.4349,0.15,ANN_Scratch_v1
2026-08-09 09:00:46,6,1.0,69.5064,0.19,ANN_Scratch_v1
2026-08-09 09:00:46,5,0.9993,69.2741,0.16,ANN_Scratch_v1
2026-08-09 09:00:46,3,0.9153,74.1837,0.16,ANN_Scratch_v1
2026-08-09 09:00:46,7,0.9781,70.1095,0.2,ANN_Scratch_v1
2026-08-09 09:00:46,7,0.9668,68.8234,0.16,ANN_Scratch_v1
2026-08-09 09:00:46,1,0.9997,68.1056,0.16,ANN_Scratch_v1
2026-08-09 09:00:46,4,1.0,65.5196,0.15,ANN_Scratch_v1
2026-08-09 09:00:46,4,1.0,67.3396,0.19,ANN_Scratch_v1
2026-08-09 09:00:46,8,0.824,69.831,0.17,ANN_Scratch_v1
2026-08-09 09:00:46,4,1.0,70.8404,0.22,ANN_Scratch_v1
2026-08-09 09:00:46,4,0.9997,67.0204,0.22,ANN_Scratch_v1
2026-08-09 09:00:46,6,1.0,71.8313,0.15,ANN_Scratch_v1
2026-08-09 09:00:46,3,0.9921,69.1824,0.16,ANN_Scratch_v1
2026-08-09 09:00:46,2,1.0,70.2187,0.17,ANN_Scratch_v1
2026-08-09 09:00:46,0,1.0,71.427,0.2,ANN_Scratch_v1
2026-08-09 09:00:46,4,1.0,67.6121,0.16,ANN_Scratch_v1
2026-08-09 09:00:46,5,0.9999,70.2656,0.15,ANN_Scratch_v1
2026-08-09 09:00:46,5,1.0,72.9537,0.16,ANN_Scratch_v1
2026-08-09 09:00:46,5,0.9972,72.1212,0.16,ANN_Scratch_v1
2026-08-09 09:00:46,1,1.0,72.3616,0.2,ANN_Scratch_v1
2026-08-09 09:00:46,8,0.9984,68.4195,0.16,ANN_Scratch_v1
2026-08-09 09:00:46,7,0.9769,70.5983,0.2,ANN_Scratch_v1
2026-08-09 09:00:46,4,1.0,69.765,0.17,ANN_Scratch_v1
2026-08-09 09:00:46,7,0.9788,74.6726,0.16,ANN_Scratch_v1
2026-08-09 09:00:46,1,1.0,69.2924,0.15,ANN_Scratch_v1
2026-08-09 09:00:46,4,0.9998,70.3027,0.2,ANN_Scratch_v1
2026-08-09 09:00:46,8,1.0,71.0739,0.15,ANN_Scratch_v1
2026-08-09 09:00:46,5,1.0,71.1023,0.22,ANN_Scratch_v1
2026-08-09 09:00:46,5,1.0,68.9478,0.16,ANN_Scratch_v1
2026-08-09 09:00:46,0,1.0,68.1217,0.2,ANN_Scratch_v1
2026-08-09 09:00:46,9,1.0,71.0312,0.15,ANN_Scratch_v1
2026-08-09 09:00:46,1,1.0,72.004,0.16,ANN_Scratch_v1
2026-08-09 09:00:46,4,0.9999,67.9333,0.22,ANN_Scratch_v1
2026-08-09 09:00:46,0,1.0,71.6993,0.15,ANN_Scratch_v1
2026-08-09 09:00:46,9,1.0,68.655,0.16,ANN_Scratch_v1
2026-08-09 09:00:46,6,1.0,69.5093,0.17,ANN_Scratch_v1
2026-08-09 09:00:46,2,1.0,69.4109,0.18,ANN_Scratch_v1
2026-08-09 09:00:46,4,0.9999,70.8257,0.17,ANN_Scratch_v1
2026-08-09 09:00:46,4,0.9973,69.8075,0.16,ANN_Scratch_v1
2026-08-09 09:00:46,8,1.0,70.1188,0.17,ANN_Scratch_v1
2026-08-09 09:00:46,6,1.0,71.7546,0.2,ANN_Scratch_v1
2026-08-09 09:00:46,3,0.9965,70.4229,0.22,ANN_Scratch_v1
2026-08-09 09:00:46,4,1.0,69.7332,0.16,ANN_Scratch_v1
2026-08-09 09:00:46,7,0.9947,69.7522,0.21,ANN_Scratch_v1
2026-08-09 09:00:46,6,1.0,70.0099,0.18,ANN_Scratch_v1
2026-08-09 09:00:46,7,0.918,70.4815,0.17,ANN_Scratch_v1
2026-08-09 09:00:46,6,1.0,70.8208,0.17,ANN_Scratch_v1
2026-08-09 09:00:46,1,1.0,71.7675,0.15,ANN_Scratch_v1
2026-08-09 09:00:46,5,0.9995,70.8601,0.17,ANN_Scratch_v1
2026-08-09 09:00:46,9,1.0,69.7851,0.17,ANN_Scratch_v1
2026-08-09 09:00:46,8,0.9999,69.6705,0.22,ANN_Scratch_v1
2026-08-09 09:00:46,4,1.0,65.671,0.15,ANN_Scratch_v1
2026-08-09 09:00:46,1,0.9999,70.7078,0.18,ANN_Scratch_v1
2026-08-09 09:00:46,0,1.0,71.7099,0.15,ANN_Scratch_v1
2026-08-09 09:00:46,7,0.9096,73.171,0.16,ANN_Scratch_v1
2026-08-09 09:00:46,0,1.0,70.5355,0.18,ANN_Scratch_v1
2026-08-09 09:00:46,8,1.0,72.4139,0.17,ANN_Scratch_v1
2026-08-09 09:00:46,3,0.9828,71.425,0.15,ANN_Scratch_v1
2026-08-09 09:00:46,8,0.9998,71.8887,0.17,ANN_Scratch_v1
2026-08-09 09:00:46,9,1.0,67.2811,0.15,ANN_Scratch_v1
2026-08-09 09:00:46,4,0.9997,68.0541,0.16,ANN_Scratch_v1
2026-08-09 09:00:46,5,0.9999,75.2295,0.21,ANN_Scratch_v1
2026-08-09 09:00:46,4,0.9995,68.8693,0.17,ANN_Scratch_v1
2026-08-09 09:00:46,7,0.9711,71.0064,0.16,ANN_Scratch_v1
2026-08-09 09:00:46,5,0.9991,72.3123,0.17,ANN_Scratch_v1
2026-08-09 09:00:46,5,1.0,71.0713,0.18,ANN_Scratch_v1
2026-08-09 09:00:46,2,1.0,72.52,0.15,ANN_Scratch_v1
2026-08-09 09:00:46,0,1.0,73.2365,0.16,ANN_Scratch_v1
2026-08-09 09:00:46,3,0.9672,71.6707,0.19,ANN_Scratch_v1
2026-08-09 09:00:46,2,1.0,69.5499,0.16,ANN_Scratch_v1
2026-08-09 09:00:46,3,0.8258,71.6193,0.18,ANN_Scratch_v1
2026-08-09 09:00:46,5,0.9999,71.5526,0.18,ANN_Scratch_v1
2026-08-09 09:00:46,6,1.0,73.8497,0.2,ANN_Scratch_v1
2026-08-09 09:00:46,1,1.0,74.008,0.17,ANN_Scratch_v1
2026-08-09 09:00:46,2,1.0,71.8198,0.16,ANN_Scratch_v1
2026-08-09 09:00:46,2,1.0,70.5452,0.16,ANN_Scratch_v1
2026-08-09 09:00:46,4,1.0,70.5784,0.17,ANN_Scratch_v1
2026-08-09 09:00:46,3,0.9796,68.6618,0.2,ANN_Scratch_v1
2026-08-09 09:00:46,9,1.0,69.3319,0.17,ANN_Scratch_v1
2026-08-09 09:00:46,3,0.9879,68.5917,0.15,ANN_Scratch_v1
2026-08-09 09:00:46,3,0.9914,70.1683,0.18,ANN_Scratch_v1
2026-08-09 09:00:46,0,1.0,71.6438,0.18,ANN_Scratch_v1
2026-08-09 09:00:46,2,1.0,69.3118,0.18,ANN_Scratch_v1
2026-08-09 09:00:46,2,1.0,72.1366,0.17,ANN_Scratch_v1
2026-08-09 09:00:46,3,0.9902,69.4345,0.19,ANN_Scratch_v1
2026-08-09 09:00:46,9,1.0,67.068,0.17,ANN_Scratch_v1
2026-08-09 09:00:46,1,1.0,72.4572,0.18,ANN_Scratch_v1
2026-08-09 09:00:46,1,1.0,68.4919,0.18,ANN_Scratch_v1
2026-08-09 09:00:46,9,0.9909,69.7919,0.16,ANN_Scratch_v1
2026-08-09 09:00:46,1,1.0,70.0013,0.18,ANN_Scratch_v1
2026-08-09 09:00:46,4,0.9997,67.7055,0.16,ANN_Scratch_v1
2026-08-09 09:00:46,6,1.0,66.9349,0.16,ANN_Scratch_v1
2026-08-09 09:00:46,1,1.0,71.4989,0.16,ANN_Scratch_v1
2026-08-09 09:00:46,2,1.0,69.3967,0.15,ANN_Scratch_v1
2026-08-09 09:00:46,3,0.9876,70.9319,0.16,ANN_Scratch_v1
2026-08-09 09:00:46,2,1.0,71.1451,0.17,ANN_Scratch_v1
2026-08-09 09:00:46,8,0.9999,70.0732,0.15,ANN_Scratch_v1
2026-08-09 09:00:46,8,1.0,73.6193,0.18,ANN_Scratch_v1
2026-08-09 09:00:46,7,0.9751,71.3212,0.17,ANN_Scratch_v1
2026-08-09 09:00:46,1,0.9999,72.053,0.2,ANN_Scratch_v1
2026-08-09 09:00:46,5,0.9805,70.0994,0.24,ANN_Scratch_v1
2026-08-09 09:00:46,0,1.0,71.9526,0.15,ANN_Scratch_v1
2026-08-09 09:00:46,8,0.9974,68.9194,0.15,ANN_Scratch_v1
2026-08-09 09:00:46,0,1.0,69.6499,0.15,ANN_Scratch_v1
2026-08-09 09:00:46,2,1.0,72.8107,0.15,ANN_Scratch_v1
2026-08-09 09:00:46,9,1.0,68.7745,0.16,ANN_Scratch_v1
2026-08-09 09:00:46,4,0.9995,68.838,0.17,ANN_Scratch_v1
2026-08-09 09:00:46,3,0.9901,69.9184,0.2,ANN_Scratch_v1
2026-08-09 09:00:46,6,1.0,69.0022,0.17,ANN_Scratch_v1
2026-08-09 09:00:46,4,1.0,67.7847,0.15,ANN_Scratch_v1
2026-08-09 09:00:46,1,1.0,71.9937,0.15,ANN_Scratch_v1
2026-08-09 09:00:46,7,0.9841,71.4642,0.21,ANN_Scratch_v1
2026-08-09 09:00:46,3,0.9991,71.3355,0.17,ANN_Scratch_v1
2026-08-09 09:00:46,9,1.0,69.0721,0.17,ANN_Scratch_v1
2026-08-09 09:00:46,7,0.9929,64.695,0.21,ANN_Scratch_v1
2026-08-09 09:00:46,8,1.0,69.3512,0.16,ANN_Scratch_v1
2026-08-09 09:00:46,5,0.9998,69.9079,0.16,ANN_Scratch_v1
2026-08-09 09:00:46,8,0.9999,70.8727,0.15,ANN_Scratch_v1
2026-08-09 09:00:46,0,1.0,72.8133,0.16,ANN_Scratch_v1
2026-08-09 09:00:46,7,0.9661,70.0895,0.2,ANN_Scratch_v1
2026-08-09 09:00:46,7,0.9855,72.9294,0.24,ANN_Scratch_v1
2026-08-09 09:00:46,5,1.0,68.4267,0.15,ANN_Scratch_v1
2026-08-09 09:00:46,2,1.0,69.6167,0.2,ANN_Scratch_v1
2026-08-09 09:00:46,1,0.9966,70.9563,0.17,ANN_Scratch_v1
2026-08-09 09:00:46,2,1.0,70.5552,0.23,ANN_Scratch_v1
2026-08-09 09:00:46,3,0.9973,69.4565,0.15,ANN_Scratch_v1
2026-08-09 09:00:46,6,1.0,68.7214,0.24,ANN_Scratch_v1
2026-08-09 09:00:46,8,0.9998,68.7337,0.16,ANN_Scratch_v1
2026-08-09 09:00:46,7,0.8843,68.8228,0.23,ANN_Scratch_v1
2026-08-09 09:00:46,8,0.9965,68.7179,0.19,ANN_Scratch_v1
2026-08-09 09:00:46,6,1.0,69.8828,0.16,ANN_Scratch_v1
2026-08-09 09:00:46,7,0.9314,72.8249,0.16,ANN_Scratch_v1
2026-08-09 09:00:46,2,1.0,68.2066,0.15,ANN_Scratch_v1
2026-08-09 09:00:46,0,1.0,69.6234,0.16,ANN_Scratch_v1
2026-08-09 09:00:46,7,0.9218,70.5173,0.15,ANN_Scratch_v1
2026-08-09 09:00:46,5,0.998,69.2382,0.18,ANN_Scratch_v1
2026-08-09 09:00:46,6,1.0,70.4677,0.18,ANN_Scratch_v1
2026-08-09 09:00:46,8,0.6949,69.1992,0.18,ANN_Scratch_v1
2026-08-09 09:00:46,7,0.893,68.0734,0.16,ANN_Scratch_v1
2026-08-09 09:00:46,4,0.9999,66.3995,0.19,ANN_Scratch_v1
2026-08-09 09:00:46,5,1.0,72.9421,0.16,ANN_Scratch_v1
2026-08-09 09:00:46,8,0.9785,68.8555,0.2,ANN_Scratch_v1
2026-08-09 09:00:46,3,0.993,69.975,0.25,ANN_Scratch_v1
2026-08-09 09:00:46,4,0.9997,69.9936,0.16,ANN_Scratch_v1
2026-08-09 09:00:46,4,1.0,67.6337,0.15,ANN_Scratch_v1
2026-08-09 09:00:46,4,0.9895,69.6009,0.16,ANN_Scratch_v1
2026-08-09 09:00:46,0,1.0,73.8055,0.16,ANN_Scratch_v1
2026-08-09 09:00:46,1,1.0,72.6498,0.16,ANN_Scratch_v1
2026-08-09 09:00:46,0,1.0,71.023,0.19,ANN_Scratch_v1
2026-08-09 09:00:46,4,0.9959,69.4453,0.16,ANN_Scratch_v1
2026-08-09 09:00:46,1,1.0,70.8574,0.2,ANN_Scratch_v1
2026-08-09 09:00:46,0,1.0,69.7128,0.15,ANN_Scratch_v1
2026-08-09 09:00:46,7,0.9939,71.3067,0.17,ANN_Scratch_v1
2026-08-09 09:00:46,8,0.8758,70.5259,0.16,ANN_Scratch_v1
2026-08-09 09:00:46,6,1.0,70.7326,0.16,ANN_Scratch_v1
2026-08-09 09:00:46,7,0.9038,69.3688,0.21,ANN_Scratch_v1
2026-08-09 09:00:46,7,0.9887,69.531,0.22,ANN_Scratch_v1
2026-08-09 09:00:46,5,0.9446,71.789,0.16,ANN_Scratch_v1
2026-08-09 09:00:46,3,0.9952,68.0025,0.15,ANN_Scratch_v1
2026-08-09 09:00:46,0,1.0,69.8905,0.37,ANN_Scratch_v1
2026-08-09 09:00:46,9,1.0,69.3852,0.3,ANN_Scratch_v1
2026-08-09 09:00:46,5,0.9989,69.1179,0.3,ANN_Scratch_v1
2026-08-09 09:00:46,2,1.0,70.1855,0.23,ANN_Scratch_v1
2026-08-09 09:00:46,3,0.9951,71.1387,0.16,ANN_Scratch_v1
2026-08-09 09:00:46,0,1.0,74.0986,0.16,ANN_Scratch_v1
2026-08-09 09:00:46,8,1.0,68.7969,0.19,ANN_Scratch_v1
2026-08-09 09:00:46,4,0.9994,69.3146,0.17,ANN_Scratch_v1
2026-08-09 09:00:46,6,1.0,72.6647,0.16,ANN_Scratch_v1
2026-08-09 09:00:46,4,0.9969,67.5199,0.16,ANN_Scratch_v1
2026-08-09 09:00:46,0,1.0,69.8853,0.15,ANN_Scratch_v1
2026-08-09 09:00:46,5,0.9997,70.9503,0.21,ANN_Scratch_v1
2026-08-09 09:00:46,0,1.0,70.8405,0.16,ANN_Scratch_v1
2026-08-09 09:00:46,0,1.0,70.5629,0.18,ANN_Scratch_v1
2026-08-09 09:00:46,2,1.0,71.0339,0.17,ANN_Scratch_v1
2026-08-09 09:00:46,1,0.9922,68.8769,0.15,ANN_Scratch_v1
2026-08-09 09:00:46,5,0.9989,69.8826,0.17,ANN_Scratch_v1
2026-08-09 09:00:46,6,1.0,71.6197,0.17,ANN_Scratch_v1
2026-08-09 09:00:46,1,0.9991,72.9343,0.16,ANN_Scratch_v1
2026-08-09 09:00:46,4,0.9999,70.8639,0.15,ANN_Scratch_v1
2026-08-09 09:00:46,4,0.9999,70.7434,0.17,ANN_Scratch_v1
2026-08-09 09:00:46,5,1.0,74.5907,0.15,ANN_Scratch_v1
2026-08-09 09:00:46,2,1.0,71.1685,0.15,ANN_Scratch_v1
2026-08-09 09:00:46,8,0.5393,72.3073,0.15,ANN_Scratch_v1
2026-08-09 09:00:46,5,0.9987,72.4003,0.16,ANN_Scratch_v1
2026-08-09 09:00:46,2,1.0,69.4004,0.15,ANN_Scratch_v1
2026-08-09 09:00:46,9,0.9999,68.9141,0.16,ANN_Scratch_v1
2026-08-09 09:00:46,4,0.999,69.3893,0.16,ANN_Scratch_v1
2026-08-09 09:00:46,0,1.0,73.4279,0.17,ANN_Scratch_v1
2026-08-09 09:00:46,0,1.0,69.8096,0.16,ANN_Scratch_v1
2026-08-09 09:00:46,5,0.9999,70.823,0.2,ANN_Scratch_v1
2026-08-09 09:00:46,9,1.0,70.6366,0.16,ANN_Scratch_v1
2026-08-09 09:00:46,0,1.0,73.162,0.16,ANN_Scratch_v1
2026-08-09 09:00:46,8,1.0,68.6187,0.16,ANN_Scratch_v1
2026-08-09 09:00:46,8,1.0,70.7202,0.15,ANN_Scratch_v1
2026-08-09 09:00:46,7,0.9974,70.6604,0.17,ANN_Scratch_v1
2026-08-09 09:00:46,2,1.0,69.9081,0.15,ANN_Scratch_v1
2026-08-09 09:00:46,0,1.0,70.4709,0.19,ANN_Scratch_v1
2026-08-09 09:00:46,5,1.0,67.3189,0.15,ANN_Scratch_v1
2026-08-09 09:00:46,7,0.9927,69.2587,0.15,ANN_Scratch_v1
2026-08-09 09:00:46,7,0.9971,72.7538,0.16,ANN_Scratch_v1
2026-08-09 09:00:46,4,0.9969,68.7465,0.15,ANN_Scratch_v1
2026-08-09 09:00:46,5,1.0,70.6662,0.15,ANN_Scratch_v1
2026-08-09 09:00:46,4,0.9999,68.0125,0.21,ANN_Scratch_v1
2026-08-09 09:00:46,6,1.0,71.4004,0.17,ANN_Scratch_v1
2026-08-09 09:00:46,2,1.0,74.1542,0.17,ANN_Scratch_v1
2026-08-09 09:00:46,1,1.0,68.675,0.15,ANN_Scratch_v1
2026-08-09 09:00:46,0,1.0,69.2693,0.21,ANN_Scratch_v1
2026-08-09 09:00:46,6,1.0,70.569,0.16,ANN_Scratch_v1
2026-08-09 09:00:46,6,1.0,71.1888,0.16,ANN_Scratch_v1
2026-08-09 09:00:46,8,0.7756,69.7367,0.19,ANN_Scratch_v1
2026-08-09 09:00:47,1,0.9676,71.8481,0.15,ANN_Scratch_v1
2026-08-09 09:00:47,4,0.9984,69.4479,0.16,ANN_Scratch_v1
2026-08-09 09:00:47,8,1.0,69.2166,0.17,ANN_Scratch_v1
2026-08-09 09:00:47,4,1.0,70.3817,0.16,ANN_Scratch_v1
2026-08-09 09:00:47,3,0.8242,71.5725,0.16,ANN_Scratch_v1
2026-08-09 09:00:47,8,0.9994,70.2287,0.18,ANN_Scratch_v1
2026-08-09 09:00:47,2,1.0,65.9203,0.21,ANN_Scratch_v1
2026-08-09 09:00:47,0,1.0,71.8761,0.15,ANN_Scratch_v1
2026-08-09 09:00:47,7,0.9885,71.7426,0.16,ANN_Scratch_v1
2026-08-09 09:00:47,1,1.0,71.6504,0.19,ANN_Scratch_v1
2026-08-09 09:00:47,4,1.0,70.0132,0.16,ANN_Scratch_v1
2026-08-09 09:00:47,6,1.0,73.9781,0.19,ANN_Scratch_v1
2026-08-09 09:00:47,8,1.0,73.2497,0.16,ANN_Scratch_v1
2026-08-09 09:00:47,8,0.995,70.4384,0.16,ANN_Scratch_v1
2026-08-09 09:00:47,8,1.0,71.3116,0.17,ANN_Scratch_v1
2026-08-09 09:00:47,5,0.957,70.4426,0.16,ANN_Scratch_v1
2026-08-09 09:00:47,4,0.9986,68.3212,0.16,ANN_Scratch_v1
2026-08-09 09:00:47,8,1.0,70.4692,0.18,ANN_Scratch_v1
2026-08-09 09:00:47,5,0.9999,70.9527,0.16,ANN_Scratch_v1
2026-08-09 09:00:47,3,0.9931,70.4693,0.16,ANN_Scratch_v1
2026-08-09 09:00:47,3,0.7605,69.652,0.2,ANN_Scratch_v1
2026-08-09 09:00:47,3,0.9993,72.6724,0.16,ANN_Scratch_v1
2026-08-09 09:00:47,3,0.9981,70.0881,0.15,ANN_Scratch_v1
2026-08-09 09:00:47,5,0.9999,69.278,0.15,ANN_Scratch_v1
2026-08-09 09:00:47,5,1.0,69.5553,0.15,ANN_Scratch_v1
2026-08-09 09:00:47,6,1.0,69.4703,0.15,ANN_Scratch_v1
2026-08-09 09:00:47,4,0.9999,67.534,0.17,ANN_Scratch_v1
2026-08-09 09:00:47,7,0.9674,73.4637,0.16,ANN_Scratch_v1
2026-08-09 09:00:47,1,1.0,70.5526,0.17,ANN_Scratch_v1
2026-08-09 09:00:47,9,1.0,70.0519,0.15,ANN_Scratch_v1
2026-08-09 09:00:47,6,1.0,73.2902,0.15,ANN_Scratch_v1
2026-08-09 09:00:47,3,0.8915,68.4884,0.16,ANN_Scratch_v1
2026-08-09 09:00:47,2,1.0,69.2397,0.17,ANN_Scratch_v1
2026-08-09 09:00:47,3,0.9902,70.5432,0.15,ANN_Scratch_v1
2026-08-09 09:00:47,6,1.0,67.6841,0.16,ANN_Scratch_v1
2026-08-09 09:00:47,5,0.9987,71.8516,0.15,ANN_Scratch_v1
2026-08-09 09:00:47,0,1.0,70.3991,0.18,ANN_Scratch_v1
2026-08-09 09:00:47,5,0.9999,71.4612,0.15,ANN_Scratch_v1
2026-08-09 09:00:47,2,0.8876,92.162,0.19,ANN_Scratch_v1
2026-08-09 09:00:47,7,0.757,93.4158,0.17,ANN_Scratch_v1
2026-08-09 09:00:47,6,0.9998,93.8935,0.16,ANN_Scratch_v1
2026-08-09 09:00:47,7,0.9076,93.9834,0.15,ANN_Scratch_v1
2026-08-09 09:00:47,2,1.0,92.9158,0.19,ANN_Scratch_v1
2026-08-09 09:00:47,2,0.9643,93.2124,0.22,ANN_Scratch_v1
2026-08-09 09:00:47,7,0.9455,93.7532,0.19,ANN_Scratch_v1
2026-08-09 09:00:47,6,1.0,93.6486,0.2,ANN_Scratch_v1
2026-08-09 09:00:47,4,0.5229,92.5548,0.19,ANN_Scratch_v1
2026-08-09 09:00:47,7,0.5474,94.1276,0.21,ANN_Scratch_v1
2026-08-09 09:00:47,7,0.7445,93.1645,0.16,ANN_Scratch_v1
2026-08-09 09:00:47,7,0.9702,94.1773,0.15,ANN_Scratch_v1
2026-08-09 09:00:47,6,0.9969,93.2634,0.16,ANN_Scratch_v1
2026-08-09 09:00:47,2,0.9999,92.2232,0.14,ANN_Scratch_v1
2026-08-09 09:00:47,7,0.9728,93.6059,0.17,ANN_Scratch_v1
2026-08-09 09:00:47,0,0.6658,95.0969,0.17,ANN_Scratch_v1
2026-08-09 09:00:47,2,1.0,93.2124,0.22,ANN_Scratch_v1
2026-08-09 09:00:47,7,0.9628,93.3954,0.16,ANN_Scratch_v1
2026-08-09 09:00:47,7,0.9671,93.7143,0.15,ANN_Scratch_v1
2026-08-09 09:00:47,2,1.0,94.2334,0.17,ANN_Scratch_v1
2026-08-09 09:00:47,0,0.4649,94.8616,0.15,ANN_Scratch_v1
2026-08-09 09:00:47,2,0.9654,93.7659,0.17,ANN_Scratch_v1
2026-08-09 09:00:47,7,0.9554,93.544,0.15,ANN_Scratch_v1
2026-08-09 09:00:47,6,0.9815,93.6263,0.16,ANN_Scratch_v1
2026-08-09 09:00:47,0,1.0,93.2825,0.17,ANN_Scratch_v1
2026-08-09 09:00:47,7,0.7452,94.72,0.16,ANN_Scratch_v1
2026-08-09 09:00:47,7,0.9511,94.9298,0.17,ANN_Scratch_v1
2026-08-09 09:00:47,7,0.3994,94.8208,0.23,ANN_Scratch_v1
2026-08-09 09:00:47,0,0.6148,94.5383,0.15,ANN_Scratch_v1
2026-08-09 09:00:47,7,0.6069,93.2749,0.16,ANN_Scratch_v1
2026-08-09 09:00:47,7,0.9285,93.1633,0.15,ANN_Scratch_v1
2026-08-09 09:00:47,7,0.9165,94.3106,0.16,ANN_Scratch_v1
2026-08-09 09:00:47,6,0.9958,93.5791,0.18,ANN_Scratch_v1
2026-08-09 09:00:47,6,1.0,94.1614,0.16,ANN_Scratch_v1
2026-08-09 09:00:47,7,0.5448,95.067,0.17,ANN_Scratch_v1
2026-08-09 09:00:47,0,0.639,95.2194,0.15,ANN_Scratch_v1
2026-08-09 09:00:47,4,0.6786,93.1097,0.16,ANN_Scratch_v1
2026-08-09 09:00:47,7,0.9325,94.081,0.16,ANN_Scratch_v1
2026-08-09 09:00:47,2,0.9853,93.5497,0.22,ANN_Scratch_v1
2026-08-09 09:00:47,7,0.6788,94.6014,0.16,ANN_Scratch_v1
2026-08-09 09:00:47,2,0.9683,94.2398,0.17,ANN_Scratch_v1
2026-08-09 09:00:47,2,0.7525,93.5772,0.2,ANN_Scratch_v1
2026-08-09 09:00:47,2,1.0,94.0026,0.2,ANN_Scratch_v1
2026-08-09 09:00:47,0,0.9992,94.8654,0.2,ANN_Scratch_v1
2026-08-09 09:00:47,6,0.9979,93.8814,0.21,ANN_Scratch_v1
2026-08-09 09:00:47,0,1.0,95.0682,0.16,ANN_Scratch_v1
2026-08-09 09:00:47,2,1.0,94.5587,0.15,ANN_Scratch_v1
2026-08-09 09:00:47,2,0.4802,93.8827,0.17,ANN_Scratch_v1
2026-08-09 09:00:47,0,0.9999,93.6537,0.16,ANN_Scratch_v1
2026-08-09 09:00:47,2,0.952,93.4809,0.15,ANN_Scratch_v1
2026-08-09 09:00:47,2,0.9789,93.5089,0.16,ANN_Scratch_v1
2026-08-09 09:00:47,2,0.9661,94.0077,0.15,ANN_Scratch_v1
2026-08-09 09:00:47,6,0.9964,93.7245,0.21,ANN_Scratch_v1
2026-08-09 09:00:47,0,0.8333,94.4483,0.19,ANN_Scratch_v1
2026-08-09 09:00:47,0,0.6937,94.4821,0.2,ANN_Scratch_v1
2026-08-09 09:00:47,7,0.974,93.7328,0.19,ANN_Scratch_v1
2026-08-09 09:00:47,7,0.9778,91.9898,0.19,ANN_Scratch_v1
2026-08-09 09:00:47,7,0.8972,92.9171,0.19,ANN_Scratch_v1
2026-08-09 09:00:47,2,0.9364,93.3591,0.15,ANN_Scratch_v1
2026-08-09 09:00:47,2,0.9717,92.4133,0.16,ANN_Scratch_v1
2026-08-09 09:00:47,7,0.6089,93.0038,0.15,ANN_Scratch_v1
2026-08-09 09:00:47,2,0.9421,93.5695,0.16,ANN_Scratch_v1
2026-08-09 09:00:47,2,0.9589,93.5874,0.17,ANN_Scratch_v1
2026-08-09 09:00:47,6,1.0,94.0969,0.15,ANN_Scratch_v1
2026-08-09 09:00:47,7,0.8554,93.5606,0.2,ANN_Scratch_v1
2026-08-09 09:00:47,2,1.0,93.4898,0.19,ANN_Scratch_v1
2026-08-09 09:00:47,0,0.9999,94.0287,0.19,ANN_Scratch_v1
2026-08-09 09:00:47,2,0.9528,93.4751,0.18,ANN_Scratch_v1
2026-08-09 09:00:47,0,0.6584,93.521,0.15,ANN_Scratch_v1
2026-08-09 09:00:47,0,0.5479,94.8259,0.16,ANN_Scratch_v1
2026-08-09 09:00:47,0,0.6717,94.0555,0.15,ANN_Scratch_v1
2026-08-09 09:00:47,7,0.9468,93.7085,0.16,ANN_Scratch_v1
2026-08-09 09:00:47,7,0.7503,93.5861,0.15,ANN_Scratch_v1
2026-08-09 09:00:47,7,0.9728,93.25,0.27,ANN_Scratch_v1
2026-08-09 09:00:47,2,0.9209,93.2679,0.15,ANN_Scratch_v1
2026-08-09 09:00:47,7,0.9589,96.0312,0.15,ANN_Scratch_v1
2026-08-09 09:00:47,7,0.9215,93.8189,0.16,ANN_Scratch_v1
2026-08-09 09:00:47,2,0.9073,93.6837,0.15,ANN_Scratch_v1
2026-08-09 09:00:47,7,0.8862,93.5376,0.16,ANN_Scratch_v1
2026-08-09 09:00:47,0,0.765,94.764,0.17,ANN_Scratch_v1
2026-08-09 09:00:47,0,0.6232,93.6193,0.16,ANN_Scratch_v1
2026-08-09 09:00:47,0,0.9999,94.1518,0.21,ANN_Scratch_v1
2026-08-09 09:00:47,4,0.4375,94.7908,0.15,ANN_Scratch_v1
2026-08-09 09:00:47,7,0.9183,95.0772,0.18,ANN_Scratch_v1
2026-08-09 09:00:47,2,0.9583,92.8438,0.21,ANN_Scratch_v1
2026-08-09 09:00:47,0,0.9997,94.4566,0.15,ANN_Scratch_v1
2026-08-09 09:00:47,4,0.5504,93.6556,0.16,ANN_Scratch_v1
2026-08-09 09:00:47,6,0.9969,93.3922,0.15,ANN_Scratch_v1
2026-08-09 09:00:47,2,1.0,93.2851,0.16,ANN_Scratch_v1
2026-08-09 09:00:47,2,0.9621,94.1543,0.23,ANN_Scratch_v1
2026-08-09 09:00:47,2,0.9838,93.2423,0.27,ANN_Scratch_v1
2026-08-09 09:00:47,7,0.668,94.1103,0.22,ANN_Scratch_v1
2026-08-09 09:00:47,6,1.0,93.7532,0.16,ANN_Scratch_v1
2026-08-09 09:00:47,7,0.8185,94.7526,0.26,ANN_Scratch_v1
2026-08-09 09:00:47,2,0.9548,93.7698,0.17,ANN_Scratch_v1
2026-08-09 09:00:47,7,0.9426,94.1728,0.15,ANN_Scratch_v1
2026-08-09 09:00:47,6,0.9996,92.632,0.15,ANN_Scratch_v1
2026-08-09 09:00:47,7,0.9487,93.7653,0.15,ANN_Scratch_v1
2026-08-09 09:00:47,6,0.9982,94.442,0.21,ANN_Scratch_v1
2026-08-09 09:00:47,7,0.9622,93.6849,0.15,ANN_Scratch_v1
2026-08-09 09:00:47,0,0.575,94.3916,0.19,ANN_Scratch_v1
2026-08-09 09:00:47,4,0.6101,93.0651,0.23,ANN_Scratch_v1
2026-08-09 09:00:47,7,0.8375,94.6971,0.25,ANN_Scratch_v1
2026-08-09 09:00:47,2,0.9604,92.8131,0.16,ANN_Scratch_v1
2026-08-09 09:00:47,7,0.9142,92.9796,0.16,ANN_Scratch_v1
2026-08-09 09:00:47,0,0.9997,93.3393,0.17,ANN_Scratch_v1
2026-08-09 09:00:47,7,0.9629,94.5989,0.17,ANN_Scratch_v1
2026-08-09 09:00:47,0,0.9999,93.3724,0.16,ANN_Scratch_v1
2026-08-09 09:00:47,7,0.7695,95.1486,0.21,ANN_Scratch_v1
2026-08-09 09:00:47,7,0.7834,93.4554,0.18,ANN_Scratch_v1
2026-08-09 09:00:47,7,0.8696,93.8259,0.15,ANN_Scratch_v1
2026-08-09 09:00:47,4,0.5576,92.5753,0.18,ANN_Scratch_v1
2026-08-09 09:00:47,2,0.9726,93.7755,0.22,ANN_Scratch_v1
2026-08-09 09:00:47,0,0.6755,95.5548,0.22,ANN_Scratch_v1
2026-08-09 09:00:47,2,0.9806,94.058,0.19,ANN_Scratch_v1
2026-08-09 09:00:47,7,0.973,93.5038,0.19,ANN_Scratch_v1
2026-08-09 09:00:47,0,0.7932,94.7321,0.15,ANN_Scratch_v1
2026-08-09 09:00:47,0,0.7776,94.2704,0.16,ANN_Scratch_v1
2026-08-09 09:00:47,2,1.0,93.4707,0.15,ANN_Scratch_v1
2026-08-09 09:00:47,0,0.9999,95.0542,0.16,ANN_Scratch_v1
2026-08-09 09:00:47,7,0.4173,94.9228,0.16,ANN_Scratch_v1
2026-08-09 09:00:47,2,1.0,93.6116,0.15,ANN_Scratch_v1
2026-08-09 09:00:47,7,0.5235,94.1907,0.18,ANN_Scratch_v1
2026-08-09 09:00:47,0,0.6252,94.6716,0.15,ANN_Scratch_v1
2026-08-09 09:00:47,6,1.0,94.6652,0.2,ANN_Scratch_v1
2026-08-09 09:00:47,7,0.9081,94.8444,0.16,ANN_Scratch_v1
2026-08-09 09:00:47,2,1.0,93.6059,0.16,ANN_Scratch_v1
2026-08-09 09:00:47,2,1.0,93.2098,0.16,ANN_Scratch_v1
2026-08-09 09:00:47,2,0.9585,93.7666,0.15,ANN_Scratch_v1
2026-08-09 09:00:47,7,0.7414,94.2851,0.17,ANN_Scratch_v1
2026-08-09 09:00:47,4,0.3476,93.4675,0.21,ANN_Scratch_v1
2026-08-09 09:00:47,7,0.8257,92.838,0.21,ANN_Scratch_v1
2026-08-09 09:00:47,7,0.8322,93.6907,0.2,ANN_Scratch_v1
2026-08-09 09:00:47,0,0.9999,95.1798,0.21,ANN_Scratch_v1
2026-08-09 09:00:47,2,1.0,93.5823,0.15,ANN_Scratch_v1
2026-08-09 09:00:47,2,1.0,94.3278,0.17,ANN_Scratch_v1
2026-08-09 09:00:47,7,0.7478,93.7679,0.2,ANN_Scratch_v1
2026-08-09 09:00:47,9,0.809,92.4943,0.18,ANN_Scratch_v1
2026-08-09 09:00:47,7,0.9469,94.1862,0.16,ANN_Scratch_v1
2026-08-09 09:00:47,7,0.938,93.3699,0.16,ANN_Scratch_v1
2026-08-09 09:00:47,2,0.9246,93.3348,0.22,ANN_Scratch_v1
2026-08-09 09:00:47,7,0.9327,94.7264,0.17,ANN_Scratch_v1
2026-08-09 09:00:47,2,0.9495,92.6346,0.15,ANN_Scratch_v1
2026-08-09 09:00:47,6,0.9616,93.2085,0.16,ANN_Scratch_v1
2026-08-09 09:00:47,7,0.9128,94.1358,0.17,ANN_Scratch_v1
2026-08-09 09:00:47,2,1.0,93.9611,0.17,ANN_Scratch_v1
2026-08-09 09:00:47,7,0.8019,93.7812,0.16,ANN_Scratch_v1
2026-08-09 09:00:47,2,1.0,94.7736,0.15,ANN_Scratch_v1
2026-08-09 09:00:47,7,0.7741,93.1135,0.15,ANN_Scratch_v1
2026-08-09 09:00:47,7,0.7019,94.4758,0.18,ANN_Scratch_v1
2026-08-09 09:00:47,7,0.9566,94.1142,0.16,ANN_Scratch_v1
2026-08-09 09:00:47,7,0.933,93.949,0.19,ANN_Scratch_v1
2026-08-09 09:00:47,0,0.7213,93.7812,0.22,ANN_Scratch_v1
2026-08-09 09:00:47,0,0.9999,94.7264,0.2,ANN_Scratch_v1
2026-08-09 09:00:47,7,0.7449,93.0772,0.21,ANN_Scratch_v1
2026-08-09 09:00:47,0,0.9999,93.5261,0.17,ANN_Scratch_v1
2026-08-09 09:00:47,2,1.0,93.5886,0.17,ANN_Scratch_v1
2026-08-09 09:00:47,2,0.7643,92.6371,0.15,ANN_Scratch_v1
2026-08-09 09:00:47,2,0.948,92.4719,0.16,ANN_Scratch_v1
2026-08-09 09:00:47,7,0.8393,93.3316,0.15,ANN_Scratch_v1
2026-08-09 09:00:47,6,0.9983,92.5542,0.16,ANN_Scratch_v1
2026-08-09 09:00:47,2,0.9461,93.0415,0.2,ANN_Scratch_v1
2026-08-09 09:00:47,7,0.9393,94.0682,0.21,ANN_Scratch_v1
2026-08-09 09:00:47,7,0.9462,94.8469,0.16,ANN_Scratch_v1
2026-08-09 09:00:47,7,0.8386,94.5459,0.16,ANN_Scratch_v1
2026-08-09 09:00:47,4,0.5042,92.8744,0.23,ANN_Scratch_v1
2026-08-09 09:00:47,7,0.9759,91.9216,0.16,ANN_Scratch_v1
2026-08-09 09:00:47,7,0.3926,93.5185,0.18,ANN_Scratch_v1
2026-08-09 09:00:47,0,0.7943,94.213,0.18,ANN_Scratch_v1
2026-08-09 09:00:47,7,0.7291,93.3941,0.16,ANN_Scratch_v1
2026-08-09 09:00:47,0,1.0,94.1913,0.18,ANN_Scratch_v1
2026-08-09 09:00:47,7,0.9623,93.2717,0.15,ANN_Scratch_v1
2026-08-09 09:00:47,7,0.9657,93.3686,0.15,ANN_Scratch_v1
2026-08-09 09:00:47,0,0.4918,93.3648,0.18,ANN_Scratch_v1
2026-08-09 09:00:47,2,1.0,92.5312,0.17,ANN_Scratch_v1
2026-08-09 09:00:47,7,0.9013,93.8425,0.17,ANN_Scratch_v1
2026-08-09 09:00:47,2,1.0,94.1122,0.15,ANN_Scratch_v1
2026-08-09 09:00:47,7,0.7924,93.8514,0.17,ANN_Scratch_v1
2026-08-09 09:00:47,6,0.9998,93.8839,0.15,ANN_Scratch_v1
2026-08-09 09:00:47,2,0.4966,93.3635,0.22,ANN_Scratch_v1
2026-08-09 09:00:47,7,0.9551,93.993,0.16,ANN_Scratch_v1
2026-08-09 09:00:47,7,0.3723,92.743,0.18,ANN_Scratch_v1
2026-08-09 09:00:47,6,1.0,93.5784,0.15,ANN_Scratch_v1
2026-08-09 09:00:47,7,0.9666,94.2117,0.16,ANN_Scratch_v1
2026-08-09 09:00:47,2,1.0,93.0497,0.21,ANN_Scratch_v1
2026-08-09 09:00:47,0,0.9995,94.0542,0.16,ANN_Scratch_v1
2026-08-09 09:00:47,7,0.9236,93.4585,0.16,ANN_Scratch_v1
2026-08-09 09:00:47,0,0.8013,94.5364,0.15,ANN_Scratch_v1
2026-08-09 09:00:47,6,0.9999,93.8489,0.16,ANN_Scratch_v1
2026-08-09 09:00:47,7,0.6478,94.2468,0.15,ANN_Scratch_v1
2026-08-09 09:00:47,7,0.939,93.0918,0.2,ANN_Scratch_v1
2026-08-09 09:00:47,2,0.9558,92.5415,0.22,ANN_Scratch_v1
2026-08-09 09:00:47,0,0.7114,94.896,0.2,ANN_Scratch_v1
2026-08-09 09:00:47,7,0.6724,94.1059,0.19,ANN_Scratch_v1
2026-08-09 09:00:47,7,0.4685,93.5963,0.16,ANN_Scratch_v1
2026-08-09 09:00:47,2,0.9781,93.7328,0.15,ANN_Scratch_v1
2026-08-09 09:00:47,2,0.9755,92.3712,0.16,ANN_Scratch_v1
2026-08-09 09:00:47,2,0.972,93.3852,0.15,ANN_Scratch_v1
2026-08-09 09:00:47,0,0.9997,94.051,0.16,ANN_Scratch_v1
2026-08-09 09:00:47,7,0.9289,94.5727,0.17,ANN_Scratch_v1
2026-08-09 09:00:47,0,0.9999,93.7264,0.2,ANN_Scratch_v1
2026-08-09 09:00:47,2,0.9653,92.9745,0.22,ANN_Scratch_v1
2026-08-09 09:00:47,7,0.9256,93.5376,0.15,ANN_Scratch_v1
2026-08-09 09:00:47,0,1.0,94.0791,0.16,ANN_Scratch_v1
2026-08-09 09:00:47,7,0.9735,94.9904,0.15,ANN_Scratch_v1
2026-08-09 09:00:47,7,0.5696,94.3603,0.15,ANN_Scratch_v1
2026-08-09 09:00:47,6,0.9886,93.7277,0.15,ANN_Scratch_v1
2026-08-09 09:00:47,7,0.885,94.0395,0.18,ANN_Scratch_v1
2026-08-09 09:00:47,7,0.9663,94.3036,0.15,ANN_Scratch_v1
2026-08-09 09:00:47,0,0.7379,93.9879,0.16,ANN_Scratch_v1
2026-08-09 09:00:47,7,0.8688,93.2959,0.15,ANN_Scratch_v1
2026-08-09 09:00:47,0,0.9998,94.2022,0.23,ANN_Scratch_v1
2026-08-09 09:00:47,6,0.5417,93.3622,0.15,ANN_Scratch_v1
2026-08-09 09:00:47,0,0.6579,93.6059,0.18,ANN_Scratch_v1
2026-08-09 09:00:47,2,1.0,93.4235,0.15,ANN_Scratch_v1
2026-08-09 09:00:47,7,0.8828,93.6952,0.17,ANN_Scratch_v1
2026-08-09 09:00:47,0,0.9998,94.5759,0.15,ANN_Scratch_v1
2026-08-09 09:00:47,7,0.6473,93.7768,0.16,ANN_Scratch_v1
2026-08-09 09:00:47,2,0.9666,92.9713,0.15,ANN_Scratch_v1
2026-08-09 09:00:47,6,0.9991,94.4585,0.21,ANN_Scratch_v1
2026-08-09 09:00:47,2,0.9737,92.9751,0.15,ANN_Scratch_v1
2026-08-09 09:00:47,0,0.9982,94.6728,0.16,ANN_Scratch_v1
2026-08-09 09:00:47,0,0.7626,94.0172,0.14,ANN_Scratch_v1
2026-08-09 09:00:47,0,1.0,93.5083,0.16,ANN_Scratch_v1
2026-08-09 09:00:47,0,0.9996,93.3189,0.16,ANN_Scratch_v1
2026-08-09 09:00:47,2,1.0,93.7462,0.18,ANN_Scratch_v1
2026-08-09 09:00:47,7,0.9076,93.4872,0.2,ANN_Scratch_v1
2026-08-09 09:00:47,0,0.7676,93.4337,0.2,ANN_Scratch_v1
2026-08-09 09:00:47,6,0.9968,94.0772,0.16,ANN_Scratch_v1
2026-08-09 09:00:47,7,0.9269,93.4534,0.16,ANN_Scratch_v1
2026-08-09 09:00:47,2,0.9519,93.6148,0.14,ANN_Scratch_v1
2026-08-09 09:00:47,2,0.9471,93.7015,0.16,ANN_Scratch_v1
2026-08-09 09:00:47,0,0.6021,94.6894,0.16,ANN_Scratch_v1
2026-08-09 09:00:47,2,1.0,94.1684,0.16,ANN_Scratch_v1
2026-08-09 09:00:47,7,0.6223,94.6818,0.17,ANN_Scratch_v1
2026-08-09 09:00:47,0,0.7122,93.7959,0.16,ANN_Scratch_v1
2026-08-09 09:00:47,2,1.0,93.8591,0.22,ANN_Scratch_v1
2026-08-09 09:00:47,4,0.6064,92.5147,0.2,ANN_Scratch_v1
2026-08-09 09:00:47,2,0.9655,93.7392,0.15,ANN_Scratch_v1
2026-08-09 09:00:47,0,0.9999,95.4726,0.18,ANN_Scratch_v1
2026-08-09 09:00:47,0,0.9999,94.4573,0.19,ANN_Scratch_v1
2026-08-09 09:00:47,0,0.7488,94.5351,0.16,ANN_Scratch_v1
2026-08-09 09:00:47,9,0.4074,93.7079,0.17,ANN_Scratch_v1
2026-08-09 09:00:47,0,0.9998,95.2806,0.16,ANN_Scratch_v1
2026-08-09 09:00:47,7,0.6235,94.0497,0.15,ANN_Scratch_v1
2026-08-09 09:00:47,7,0.8333,93.1665,0.18,ANN_Scratch_v1
2026-08-09 09:00:47,7,0.972,94.2659,0.16,ANN_Scratch_v1
2026-08-09 09:00:47,2,1.0,93.5102,0.21,ANN_Scratch_v1
2026-08-09 09:00:47,0,0.9996,93.1448,0.18,ANN_Scratch_v1
2026-08-09 09:00:47,0,0.466,93.4426,0.22,ANN_Scratch_v1
2026-08-09 09:00:47,7,0.975,93.2328,0.17,ANN_Scratch_v1
2026-08-09 09:00:47,7,0.9804,94.6091,0.18,ANN_Scratch_v1
2026-08-09 09:00:47,2,0.969,92.9509,0.16,ANN_Scratch_v1
2026-08-09 09:00:47,0,0.7877,94.5587,0.17,ANN_Scratch_v1
2026-08-09 09:00:47,2,0.9684,92.9923,0.17,ANN_Scratch_v1
2026-08-09 09:00:47,6,0.9996,94.2513,0.15,ANN_Scratch_v1
2026-08-09 09:00:47,2,1.0,94.5855,0.16,ANN_Scratch_v1
2026-08-09 09:00:47,7,0.9189,94.1913,0.16,ANN_Scratch_v1
2026-08-09 09:00:47,0,0.9996,94.1142,0.19,ANN_Scratch_v1
2026-08-09 09:00:47,6,0.999,94.6435,0.17,ANN_Scratch_v1
2026-08-09 09:00:47,6,0.9999,94.4611,0.16,ANN_Scratch_v1
2026-08-09 09:00:47,7,0.8795,93.5676,0.16,ANN_Scratch_v1
2026-08-09 09:00:47,7,0.9159,93.8335,0.16,ANN_Scratch_v1
2026-08-09 09:00:47,2,0.9732,93.1237,0.17,ANN_Scratch_v1
2026-08-09 09:00:47,7,0.8928,93.7468,0.17,ANN_Scratch_v1
2026-08-09 09:00:47,2,0.9345,93.7793,0.16,ANN_Scratch_v1
2026-08-09 09:00:47,2,0.4917,94.5057,0.16,ANN_Scratch_v1
2026-08-09 09:00:47,7,0.7341,93.486,0.2,ANN_Scratch_v1
2026-08-09 09:00:47,2,1.0,91.9114,0.15,ANN_Scratch_v1
2026-08-09 09:00:47,0,0.9998,94.905,0.17,ANN_Scratch_v1
2026-08-09 09:00:47,7,0.9754,93.0944,0.17,ANN_Scratch_v1
2026-08-09 09:00:47,7,0.9382,94.2908,0.16,ANN_Scratch_v1
2026-08-09 09:00:47,2,0.98,93.4037,0.16,ANN_Scratch_v1
2026-08-09 09:00:47,6,0.9994,94.7825,0.15,ANN_Scratch_v1
2026-08-09 09:00:47,7,0.5215,94.3878,0.19,ANN_Scratch_v1
2026-08-09 09:00:47,7,0.7756,94.1901,0.16,ANN_Scratch_v1
2026-08-09 09:00:47,7,0.5634,93.8508,0.17,ANN_Scratch_v1
2026-08-09 09:00:47,0,0.4246,94.9024,0.23,ANN_Scratch_v1
2026-08-09 09:00:47,2,0.9661,93.7232,0.17,ANN_Scratch_v1
2026-08-09 09:00:47,7,0.5751,93.7545,0.16,ANN_Scratch_v1
2026-08-09 09:00:47,0,0.7228,95.5357,0.17,ANN_Scratch_v1
2026-08-09 09:00:47,7,0.8355,93.8157,0.22,ANN_Scratch_v1
2026-08-09 09:00:47,7,0.4843,93.8291,0.21,ANN_Scratch_v1
2026-08-09 09:00:47,7,0.7102,95.5312,0.18,ANN_Scratch_v1
2026-08-09 09:00:47,7,0.8439,94.368,0.22,ANN_Scratch_v1
2026-08-09 09:00:47,0,0.6476,93.0899,0.17,ANN_Scratch_v1
2026-08-09 09:00:47,0,0.5967,94.125,0.18,ANN_Scratch_v1
2026-08-09 09:00:47,6,0.9973,92.625,0.22,ANN_Scratch_v1
2026-08-09 09:00:47,2,0.9584,92.8667,0.15,ANN_Scratch_v1
2026-08-09 09:00:47,7,0.9647,95.692,0.17,ANN_Scratch_v1
2026-08-09 09:00:47,7,0.9517,94.0995,0.17,ANN_Scratch_v1
2026-08-09 09:00:47,2,0.6692,93.1952,0.17,ANN_Scratch_v1
2026-08-09 09:00:47,6,0.9992,95.2812,0.16,ANN_Scratch_v1
2026-08-09 09:00:47,7,0.7829,93.2761,0.21,ANN_Scratch_v1
2026-08-09 09:00:47,2,1.0,93.6033,0.16,ANN_Scratch_v1
2026-08-09 09:00:47,7,0.7361,94.5096,0.17,ANN_Scratch_v1
2026-08-09 09:00:47,6,0.9997,93.8693,0.18,ANN_Scratch_v1
2026-08-09 09:00:47,0,0.6067,94.4375,0.16,ANN_Scratch_v1
2026-08-09 09:00:47,0,0.9999,93.963,0.22,ANN_Scratch_v1
2026-08-09 09:00:47,0,0.6456,94.6716,0.18,ANN_Scratch_v1
2026-08-09 09:03:40,2,0.9998,124.6837,0.71,ANN_Scratch_v1
2026-08-21 11:43:48,1,0.9999,33.1875,139.04,ANN_Scratch_v1
2026-08-21 11:43:50,1,1.0,12.4923,0.51,ANN_Scratch_v1
2026-08-21 11:43:52,4,1.0,35.9413,0.0,ANN_Scratch_v1
2026-08-21 11:43:54,1,0.998,11.7181,0.0,ANN_Scratch_v1
2026-08-21 11:43:56,8,0.9958,50.8559,0.0,ANN_Scratch_v1
2026-08-21 11:43:58,7,1.0,34.4018,0.0,ANN_Scratch_v1
2026-08-21 11:44:00,3,1.0,39.4337,0.0,ANN_Scratch_v1
2026-08-21 11:44:02,1,1.0,14.9809,2.02,ANN_Scratch_v1
2026-08-21 11:44:04,2,1.0,38.6314,0.0,ANN_Scratch_v1
2026-08-21 11:44:06,4,1.0,32.0064,0.0,ANN_Scratch_v1
2026-08-21 11:44:08,6,1.0,18.6824,0.0,ANN_Scratch_v1
2026-08-21 11:44:11,9,0.9998,26.9949,0.0,ANN_Scratch_v1
2026-08-21 11:44:13,3,1.0,24.9554,0.0,ANN_Scratch_v1
2026-08-21 11:44:15,4,0.9999,33.7041,0.0,ANN_Scratch_v1
2026-08-21 11:44:17,2,1.0,25.9069,0.0,ANN_Scratch_v1
2026-08-21 11:44:19,7,1.0,23.7742,0.0,ANN_Scratch_v1
2026-08-21 11:44:21,1,1.0,25.8929,0.0,ANN_Scratch_v1
2026-08-21 11:44:23,8,1.0,29.8916,0.0,ANN_Scratch_v1
2026-08-21 11:44:25,2,1.0,40.3125,0.0,ANN_Scratch_v1
2026-08-21 11:44:27,2,1.0,37.0753,0.0,ANN_Scratch_v1
2026-08-21 11:44:29,4,1.0,50.1084,0.0,ANN_Scratch_v1
2026-08-21 11:44:31,6,1.0,37.4541,0.0,ANN_Scratch_v1
2026-08-21 11:44:33,6,0.9997,29.6263,0.0,ANN_Scratch_v1
2026-08-21 11:44:35,2,1.0,48.4005,0.0,ANN_Scratch_v1
2026-08-21 11:44:38,0,1.0,37.2372,0.0,ANN_Scratch_v1
2026-08-21 11:44:40,2,1.0,34.7551,0.0,ANN_Scratch_v1
2026-08-21 11:44:42,0,1.0,31.6862,0.0,ANN_Scratch_v1
2026-08-21 11:44:44,5,1.0,38.1467,0.0,ANN_Scratch_v1
2026-08-21 11:44:46,6,1.0,40.6786,0.0,ANN_Scratch_v1
2026-08-21 11:44:48,2,1.0,47.1263,0.0,ANN_Scratch_v1
2026-08-21 11:44:50,1,1.0,13.6811,0.0,ANN_Scratch_v1
2026-08-21 11:44:52,8,0.9091,20.8355,0.0,ANN_Scratch_v1
2026-08-21 11:44:54,6,1.0,42.8265,0.0,ANN_Scratch_v1
2026-08-21 11:44:56,1,1.0,31.5931,3.63,ANN_Scratch_v1
2026-08-21 11:44:58,9,1.0,28.6454,0.0,ANN_Scratch_v1
2026-08-21 11:45:00,8,1.0,30.9694,0.0,ANN_Scratch_v1
2026-08-21 11:45:02,0,0.9959,24.1824,0.0,ANN_Scratch_v1
2026-08-21 11:45:05,8,0.9952,52.2857,0.0,ANN_Scratch_v1
2026-08-21 11:45:07,4,1.0,27.0485,0.0,ANN_Scratch_v1
2026-08-21 11:45:09,6,1.0,38.6339,2.17,ANN_Scratch_v1
2026-08-21 11:45:11,2,1.0,27.463,0.0,ANN_Scratch_v1
2026-08-21 11:45:13,2,1.0,40.3355,0.0,ANN_Scratch_v1
2026-08-21 11:45:15,8,1.0,40.3712,1.03,ANN_Scratch_v1
2026-08-21 11:45:17,6,1.0,43.949,0.0,ANN_Scratch_v1
2026-08-21 11:45:19,7,1.0,31.8036,0.0,ANN_Scratch_v1
2026-08-21 11:45:21,2,1.0,42.477,0.0,ANN_Scratch_v1
2026-08-21 11:45:23,6,1.0,47.4145,0.0,ANN_Scratch_v1
2026-08-21 11:45:25,4,1.0,38.5536,0.0,ANN_Scratch_v1
2026-08-21 11:45:27,1,1.0,19.5051,0.0,ANN_Scratch_v1
2026-08-21 11:45:29,1,1.0,11.7398,0.0,ANN_Scratch_v1
2026-08-21 11:45:32,1,0.9989,16.1352,0.0,ANN_Scratch_v1
2026-08-21 11:45:34,4,1.0,27.9247,0.0,ANN_Scratch_v1
2026-08-21 11:45:36,7,1.0,32.7526,0.0,ANN_Scratch_v1
2026-08-21 11:45:38,2,1.0,44.0638,0.0,ANN_Scratch_v1
2026-08-21 11:45:40,9,0.9917,23.9694,0.0,ANN_Scratch_v1
2026-08-21 11:45:42,1,1.0,20.3686,0.0,ANN_Scratch_v1
2026-08-21 11:45:44,5,1.0,35.852,0.0,ANN_Scratch_v1
2026-08-21 11:45:46,0,1.0,26.5587,0.0,ANN_Scratch_v1
2026-08-21 11:45:48,1,1.0,23.6084,0.0,ANN_Scratch_v1
2026-08-21 11:45:50,0,1.0,42.0855,1.69,ANN_Scratch_v1
2026-08-21 11:45:52,8,0.9887,27.889,0.0,ANN_Scratch_v1
2026-08-21 11:45:54,8,1.0,25.5536,0.0,ANN_Scratch_v1
2026-08-21 11:45:56,3,1.0,24.6735,0.0,ANN_Scratch_v1
2026-08-21 11:45:59,6,1.0,53.7768,0.0,ANN_Scratch_v1
2026-08-21 11:46:01,7,1.0,23.2347,0.0,ANN_Scratch_v1
2026-08-21 11:46:03,2,1.0,36.8087,0.0,ANN_Scratch_v1
2026-08-21 11:46:05,5,1.0,30.8916,0.0,ANN_Scratch_v1
2026-08-21 11:46:07,2,1.0,38.9758,0.0,ANN_Scratch_v1
2026-08-21 11:46:09,5,1.0,30.9273,0.0,ANN_Scratch_v1
2026-08-21 11:46:11,7,1.0,28.0906,0.0,ANN_Scratch_v1
2026-08-21 11:46:13,2,1.0,30.7245,0.0,ANN_Scratch_v1
2026-08-21 11:46:15,2,1.0,64.3597,0.0,ANN_Scratch_v1
2026-08-21 11:46:17,4,0.9961,26.8724,0.0,ANN_Scratch_v1
2026-08-21 11:46:19,2,1.0,29.6582,0.0,ANN_Scratch_v1
2026-08-21 11:46:21,2,1.0,45.1263,0.0,ANN_Scratch_v1
2026-08-21 11:46:24,9,0.999,39.8571,0.0,ANN_Scratch_v1
2026-08-21 11:46:26,8,1.0,29.324,0.0,ANN_Scratch_v1
2026-08-21 11:46:28,1,1.0,16.412,0.0,ANN_Scratch_v1
2026-08-21 11:46:30,1,1.0,19.0434,1.84,ANN_Scratch_v1
2026-08-21 11:46:32,9,1.0,28.5344,0.0,ANN_Scratch_v1
2026-08-21 11:46:34,6,1.0,19.3202,0.0,ANN_Scratch_v1
2026-08-21 11:46:36,5,0.9995,25.8776,0.0,ANN_Scratch_v1
2026-08-21 11:46:38,8,1.0,34.514,0.0,ANN_Scratch_v1
2026-08-21 11:46:40,0,1.0,40.5179,0.0,ANN_Scratch_v1
2026-08-21 11:46:42,3,1.0,33.6084,0.0,ANN_Scratch_v1
2026-08-21 11:46:44,1,1.0,14.8776,0.0,ANN_Scratch_v1
2026-08-21 11:46:46,1,1.0,16.3329,0.0,ANN_Scratch_v1
2026-08-21 12:15:08,1,1.0,30.4477,42.0,ANN_Scratch_v1
2026-08-21 12:15:10,4,1.0,28.176,6.03,ANN_Scratch_v1
2026-08-21 12:15:12,2,0.766,46.5077,0.0,ANN_Scratch_v1
2026-08-21 12:15:14,7,1.0,34.8138,0.0,ANN_Scratch_v1
2026-08-21 12:15:16,3,1.0,43.2168,0.0,ANN_Scratch_v1
2026-08-21 12:15:18,4,1.0,16.5089,0.0,ANN_Scratch_v1
2026-08-21 12:15:20,7,1.0,28.7117,0.0,ANN_Scratch_v1
2026-08-21 12:15:23,7,0.9983,21.4362,2.1,ANN_Scratch_v1
2026-08-21 12:15:25,1,1.0,23.9834,2.29,ANN_Scratch_v1
2026-08-21 12:15:27,3,1.0,43.4554,0.0,ANN_Scratch_v1
2026-08-21 12:15:29,2,1.0,47.7564,0.0,ANN_Scratch_v1
2026-08-21 12:15:31,1,1.0,12.5026,0.0,ANN_Scratch_v1
2026-08-21 12:15:33,6,1.0,24.8673,0.0,ANN_Scratch_v1
2026-08-21 12:15:35,3,1.0,48.5115,0.0,ANN_Scratch_v1
2026-08-21 12:15:37,1,1.0,20.5957,0.0,ANN_Scratch_v1
2026-08-21 12:15:39,6,1.0,28.4477,0.0,ANN_Scratch_v1
2026-08-21 12:15:41,3,1.0,49.4758,0.0,ANN_Scratch_v1
2026-08-21 12:15:43,7,1.0,20.1237,0.0,ANN_Scratch_v1
2026-08-21 12:15:45,1,1.0,10.0906,0.0,ANN_Scratch_v1
2026-08-21 12:15:47,1,1.0,28.8329,0.0,ANN_Scratch_v1
2026-08-21 12:15:49,6,0.9999,24.2895,0.0,ANN_Scratch_v1
2026-08-21 12:15:52,6,1.0,28.9987,0.0,ANN_Scratch_v1
2026-08-21 12:15:54,2,1.0,41.2934,0.0,ANN_Scratch_v1
2026-08-21 12:15:56,8,0.9967,28.0918,0.0,ANN_Scratch_v1
2026-08-21 12:15:58,6,1.0,23.8673,0.0,ANN_Scratch_v1
2026-08-21 12:16:00,3,1.0,53.0918,0.0,ANN_Scratch_v1
2026-08-21 12:16:02,2,1.0,35.2321,0.0,ANN_Scratch_v1
2026-08-21 12:16:04,6,1.0,43.0587,0.0,ANN_Scratch_v1
2026-08-21 12:16:06,8,1.0,36.3099,0.0,ANN_Scratch_v1
2026-08-21 12:16:08,8,0.9993,60.736,0.0,ANN_Scratch_v1
2026-08-21 12:16:10,9,1.0,37.4707,0.0,ANN_Scratch_v1
2026-08-21 12:16:12,3,1.0,35.074,1.59,ANN_Scratch_v1
2026-08-21 12:16:14,3,1.0,27.8329,3.75,ANN_Scratch_v1
2026-08-21 12:16:17,8,1.0,31.9656,0.0,ANN_Scratch_v1
2026-08-21 12:16:19,3,1.0,40.7168,0.0,ANN_Scratch_v1
2026-08-21 12:16:21,2,1.0,45.1531,0.0,ANN_Scratch_v1
2026-08-21 12:16:23,9,1.0,21.8265,0.0,ANN_Scratch_v1
2026-08-21 12:16:25,5,1.0,41.3482,0.0,ANN_Scratch_v1
2026-08-21 12:16:27,0,1.0,63.7793,0.0,ANN_Scratch_v1
2026-08-21 12:16:29,3,1.0,37.5038,0.0,ANN_Scratch_v1
2026-08-21 12:16:31,8,0.9999,25.2615,0.0,ANN_Scratch_v1
2026-08-21 12:16:33,7,1.0,24.2296,0.0,ANN_Scratch_v1
2026-08-21 12:16:35,5,1.0,30.773,5.24,ANN_Scratch_v1
2026-08-21 12:16:37,7,1.0,23.5982,0.0,ANN_Scratch_v1
2026-08-21 12:16:39,5,1.0,32.0255,0.0,ANN_Scratch_v1
2026-08-21 12:16:41,2,1.0,33.4885,0.0,ANN_Scratch_v1
2026-08-21 12:16:43,1,0.5631,21.0485,0.0,ANN_Scratch_v1
2026-08-21 12:16:46,6,1.0,27.4503,0.0,ANN_Scratch_v1
2026-08-21 12:16:48,3,1.0,45.2194,0.0,ANN_Scratch_v1
2026-08-21 12:16:50,6,1.0,42.7908,0.0,ANN_Scratch_v1
2026-08-21 12:16:52,6,1.0,66.6046,0.0,ANN_Scratch_v1
2026-08-21 12:16:54,8,0.9998,27.4872,0.0,ANN_Scratch_v1
2026-08-21 12:16:56,5,1.0,24.926,0.0,ANN_Scratch_v1
2026-08-21 12:16:58,5,1.0,24.3393,0.0,ANN_Scratch_v1
2026-08-21 12:17:00,7,0.9999,30.5969,0.0,ANN_Scratch_v1
2026-08-21 12:17:02,6,1.0,32.1824,0.0,ANN_Scratch_v1
2026-08-21 12:17:04,0,1.0,45.0957,0.0,ANN_Scratch_v1
2026-08-21 12:17:06,2,0.9994,28.2513,0.0,ANN_Scratch_v1
2026-08-21 12:17:08,5,1.0,21.3469,0.0,ANN_Scratch_v1
2026-08-21 12:17:11,1,1.0,31.051,0.0,ANN_Scratch_v1
2026-08-21 12:17:13,2,1.0,34.0612,0.0,ANN_Scratch_v1
2026-08-21 12:17:15,6,1.0,50.0931,0.0,ANN_Scratch_v1
2026-08-21 12:17:17,0,1.0,27.8916,0.0,ANN_Scratch_v1
2026-08-21 12:17:19,6,1.0,40.4949,0.0,ANN_Scratch_v1
2026-08-21 12:17:21,2,1.0,33.9005,0.0,ANN_Scratch_v1
2026-08-21 12:17:23,5,0.994,12.9247,0.0,ANN_Scratch_v1
2026-08-21 12:17:25,7,0.9998,20.301,0.0,ANN_Scratch_v1
2026-08-21 12:17:27,5,1.0,55.0957,0.0,ANN_Scratch_v1
2026-08-21 12:17:29,7,0.9995,38.7462,2.69,ANN_Scratch_v1
2026-08-21 12:17:31,9,1.0,31.8903,0.0,ANN_Scratch_v1
2026-08-21 12:17:33,3,1.0,29.199,1.76,ANN_Scratch_v1
2026-08-21 12:17:35,4,1.0,35.7411,0.0,ANN_Scratch_v1
2026-08-21 12:17:37,4,1.0,33.875,0.0,ANN_Scratch_v1
2026-08-21 12:17:39,5,0.9993,43.4286,2.02,ANN_Scratch_v1
2026-08-21 12:17:41,8,0.9999,45.0102,0.0,ANN_Scratch_v1
2026-08-21 12:17:44,8,1.0,28.1416,0.0,ANN_Scratch_v1
2026-08-21 12:17:46,6,1.0,22.2003,0.0,ANN_Scratch_v1
2026-08-21 12:17:48,6,1.0,22.6314,1.19,ANN_Scratch_v1
2026-08-21 12:17:50,6,1.0,36.8023,2.02,ANN_Scratch_v1
2026-08-21 12:17:52,2,1.0,38.5166,0.0,ANN_Scratch_v1
2026-08-21 12:17:54,2,1.0,33.1901,0.0,ANN_Scratch_v1
2026-08-21 12:17:56,1,1.0,27.0918,0.0,ANN_Scratch_v1
2026-08-21 12:17:58,1,1.0,18.5944,2.02,ANN_Scratch_v1
2026-08-21 12:18:00,4,1.0,28.6365,0.0,ANN_Scratch_v1
2026-08-21 12:18:02,7,1.0,33.4758,0.0,ANN_Scratch_v1
2026-08-21 12:18:04,9,0.9995,23.2997,1.69,ANN_Scratch_v1
2026-08-21 12:18:06,5,1.0,31.8112,0.0,ANN_Scratch_v1
2026-08-21 12:18:08,8,0.996,60.0765,0.0,ANN_Scratch_v1
2026-08-21 12:18:10,4,1.0,15.5306,0.0,ANN_Scratch_v1
2026-08-21 12:18:12,1,1.0,12.2283,0.0,ANN_Scratch_v1
2026-08-21 12:18:14,5,1.0,26.7015,0.0,ANN_Scratch_v1
2026-08-21 12:18:17,1,1.0,16.301,2.86,ANN_Scratch_v1
2026-08-21 12:18:19,4,1.0,49.1301,0.0,ANN_Scratch_v1
2026-08-21 12:18:21,3,1.0,34.1569,0.0,ANN_Scratch_v1
2026-08-21 12:18:23,8,1.0,32.7883,2.03,ANN_Scratch_v1
2026-08-21 12:18:25,0,1.0,42.2092,0.0,ANN_Scratch_v1
2026-08-21 12:18:27,7,1.0,30.1237,2.56,ANN_Scratch_v1
2026-08-21 12:18:29,0,1.0,37.5268,0.0,ANN_Scratch_v1
2026-08-21 12:18:31,8,1.0,29.7615,0.0,ANN_Scratch_v1
2026-08-21 12:18:33,1,1.0,27.3814,0.0,ANN_Scratch_v1
2026-08-21 12:18:35,2,1.0,50.5957,0.0,ANN_Scratch_v1
2026-08-21 12:18:37,3,1.0,28.9872,0.0,ANN_Scratch_v1
2026-08-21 12:18:39,7,0.9994,12.9694,6.73,ANN_Scratch_v1
2026-08-21 12:18:41,7,1.0,27.7589,0.0,ANN_Scratch_v1
2026-08-21 12:18:43,5,1.0,30.7207,0.0,ANN_Scratch_v1
2026-08-21 12:18:46,2,1.0,36.6454,0.0,ANN_Scratch_v1
2026-08-21 12:18:48,3,1.0,36.0383,0.0,ANN_Scratch_v1
2026-08-21 12:18:50,5,1.0,38.1352,4.69,ANN_Scratch_v1
2026-08-21 12:18:52,5,1.0,32.2015,0.0,ANN_Scratch_v1
2026-08-21 12:18:54,2,1.0,34.2436,0.0,ANN_Scratch_v1
2026-08-21 12:18:56,0,1.0,48.8992,0.0,ANN_Scratch_v1
2026-08-21 12:18:58,0,1.0,64.8291,2.12,ANN_Scratch_v1
2026-08-21 12:19:00,0,1.0,34.2959,0.0,ANN_Scratch_v1
2026-08-21 12:19:02,3,1.0,44.1747,0.0,ANN_Scratch_v1
2026-08-21 12:19:04,0,1.0,30.3597,0.0,ANN_Scratch_v1
2026-08-21 12:19:06,7,0.9975,33.6059,2.02,ANN_Scratch_v1
2026-08-21 12:19:08,5,1.0,29.9732,0.0,ANN_Scratch_v1
2026-08-21 12:19:10,1,1.0,21.6582,1.66,ANN_Scratch_v1
2026-08-21 12:19:12,9,0.9965,33.1696,0.0,ANN_Scratch_v1
2026-08-21 12:19:15,4,1.0,22.9605,1.6,ANN_Scratch_v1
2026-08-21 12:19:17,1,1.0,20.0013,0.0,ANN_Scratch_v1
2026-08-21 12:19:19,1,1.0,15.0,0.0,ANN_Scratch_v1
2026-08-21 12:19:21,4,1.0,39.2934,1.99,ANN_Scratch_v1
2026-08-21 12:19:23,1,1.0,13.838,0.0,ANN_Scratch_v1
2026-08-21 12:19:25,5,1.0,25.1633,2.01,ANN_Scratch_v1
2026-08-21 12:19:27,6,1.0,19.2819,1.02,ANN_Scratch_v1
2026-08-21 12:19:29,3,1.0,47.2462,2.05,ANN_Scratch_v1
2026-08-21 12:19:31,1,1.0,21.0217,0.0,ANN_Scratch_v1
2026-08-21 12:19:33,9,1.0,26.8648,1.04,ANN_Scratch_v1
2026-08-21 12:19:35,4,1.0,32.3125,0.0,ANN_Scratch_v1
2026-08-21 12:19:37,6,1.0,31.7806,2.61,ANN_Scratch_v1
2026-08-21 12:19:39,3,1.0,40.4439,2.28,ANN_Scratch_v1
2026-08-21 12:19:41,2,1.0,35.4949,2.01,ANN_Scratch_v1
2026-08-21 12:19:43,1,1.0,13.537,3.17,ANN_Scratch_v1
2026-08-21 12:19:46,1,1.0,21.4974,0.0,ANN_Scratch_v1
2026-08-21 12:19:48,5,1.0,38.7423,0.0,ANN_Scratch_v1
2026-08-21 12:19:50,9,1.0,33.0038,0.0,ANN_Scratch_v1
2026-08-21 12:19:52,2,1.0,50.9401,0.0,ANN_Scratch_v1
2026-08-21 12:19:54,8,1.0,29.889,0.0,ANN_Scratch_v1
2026-08-21 12:19:56,2,1.0,29.9821,4.1,ANN_Scratch_v1
2026-08-21 12:19:58,1,1.0,13.2959,3.47,ANN_Scratch_v1
2026-08-21 12:20:00,4,1.0,31.9426,0.0,ANN_Scratch_v1
2026-08-21 12:20:02,6,1.0,27.7156,2.03,ANN_Scratch_v1
2026-08-21 12:20:04,4,1.0,27.5383,0.0,ANN_Scratch_v1
2026-08-21 12:20:06,5,1.0,23.9503,0.0,ANN_Scratch_v1
2026-08-21 12:20:08,8,1.0,44.4158,0.0,ANN_Scratch_v1
2026-08-21 12:20:10,3,1.0,28.8865,0.0,ANN_Scratch_v1
2026-08-21 12:20:12,2,1.0,39.2092,0.0,ANN_Scratch_v1
2026-08-21 12:20:14,0,1.0,51.2423,4.74,ANN_Scratch_v1
2026-08-21 12:20:17,2,1.0,53.9566,3.03,ANN_Scratch_v1
2026-08-21 12:20:19,3,1.0,28.7372,2.02,ANN_Scratch_v1
2026-08-21 12:20:21,7,1.0,22.3788,0.0,ANN_Scratch_v1
2026-08-21 12:20:23,6,1.0,28.051,0.0,ANN_Scratch_v1
2026-08-21 12:20:25,1,1.0,19.1365,0.0,ANN_Scratch_v1
2026-08-21 12:20:27,5,1.0,39.6811,0.0,ANN_Scratch_v1
2026-08-21 12:20:29,7,1.0,34.2245,0.0,ANN_Scratch_v1
2026-08-21 12:20:31,4,1.0,28.4541,0.0,ANN_Scratch_v1
2026-08-21 12:20:33,7,1.0,23.2819,0.0,ANN_Scratch_v1
2026-08-21 12:20:35,8,0.9966,74.1735,0.0,ANN_Scratch_v1
2026-08-21 12:20:37,4,1.0,27.1888,6.11,ANN_Scratch_v1
2026-08-21 12:20:39,9,1.0,24.4286,0.0,ANN_Scratch_v1
2026-08-21 12:20:41,4,1.0,28.9885,2.03,ANN_Scratch_v1
2026-08-21 12:20:43,3,1.0,57.1186,0.0,ANN_Scratch_v1
2026-08-21 12:20:45,6,1.0,42.9222,0.0,ANN_Scratch_v1
2026-08-21 12:20:48,7,1.0,62.7742,0.0,ANN_Scratch_v1
2026-08-21 12:20:50,9,0.9949,26.3023,0.0,ANN_Scratch_v1
2026-08-21 12:20:52,6,1.0,25.9235,0.0,ANN_Scratch_v1
2026-08-21 12:20:54,9,1.0,29.1314,1.62,ANN_Scratch_v1
2026-08-21 12:20:56,8,1.0,53.5128,0.0,ANN_Scratch_v1
2026-08-21 12:20:58,3,1.0,33.6633,2.02,ANN_Scratch_v1
2026-08-21 12:21:00,7,1.0,16.5013,0.0,ANN_Scratch_v1
2026-08-21 12:21:02,3,0.9981,48.4247,0.0,ANN_Scratch_v1
2026-08-21 12:21:04,0,1.0,69.602,0.0,ANN_Scratch_v1
2026-08-21 12:21:06,4,1.0,28.9158,5.05,ANN_Scratch_v1
2026-08-21 12:21:08,7,1.0,26.5038,0.0,ANN_Scratch_v1
2026-08-21 12:21:10,8,1.0,31.7844,0.0,ANN_Scratch_v1
2026-08-21 12:21:12,4,1.0,38.5408,5.73,ANN_Scratch_v1
2026-08-21 12:21:14,9,0.9847,16.6849,0.0,ANN_Scratch_v1
2026-08-21 12:21:17,3,1.0,27.8559,5.67,ANN_Scratch_v1
2026-08-21 12:21:19,5,1.0,36.9617,0.0,ANN_Scratch_v1
2026-08-21 12:21:21,2,1.0,35.2245,0.0,ANN_Scratch_v1
2026-08-21 12:21:23,3,1.0,46.2679,0.0,ANN_Scratch_v1
2026-08-21 12:21:25,9,1.0,25.648,0.0,ANN_Scratch_v1
2026-08-21 12:21:27,2,1.0,35.5472,2.01,ANN_Scratch_v1
2026-08-21 12:21:29,1,1.0,15.8571,2.04,ANN_Scratch_v1
2026-08-21 12:21:31,7,1.0,24.2385,0.0,ANN_Scratch_v1
2026-08-21 12:21:33,8,1.0,38.7934,0.0,ANN_Scratch_v1
2026-08-21 12:21:35,8,1.0,45.5102,5.03,ANN_Scratch_v1
2026-08-21 12:21:37,6,0.9253,42.926,2.03,ANN_Scratch_v1
2026-08-21 12:21:39,1,1.0,14.8202,2.03,ANN_Scratch_v1
2026-08-21 12:21:41,7,1.0,33.4298,0.0,ANN_Scratch_v1
2026-08-21 12:21:43,1,1.0,18.4133,4.08,ANN_Scratch_v1
2026-08-21 12:21:45,0,1.0,42.0268,0.0,ANN_Scratch_v1
2026-08-21 12:21:48,2,1.0,24.9911,1.51,ANN_Scratch_v1
2026-08-21 12:21:50,2,1.0,34.4885,0.0,ANN_Scratch_v1
2026-08-21 12:21:52,1,1.0,20.4018,0.0,ANN_Scratch_v1
2026-08-21 12:21:54,3,1.0,37.9872,0.0,ANN_Scratch_v1
2026-08-21 12:21:56,8,0.9998,37.736,0.57,ANN_Scratch_v1
2026-08-21 12:21:58,0,1.0,52.986,0.0,ANN_Scratch_v1
2026-08-21 12:22:00,8,0.9999,46.4222,3.75,ANN_Scratch_v1
2026-08-21 12:22:02,5,1.0,37.0931,4.95,ANN_Scratch_v1
2026-08-21 12:22:04,9,0.9885,46.648,0.0,ANN_Scratch_v1
2026-08-21 12:22:06,7,1.0,20.3151,8.04,ANN_Scratch_v1
2026-08-21 12:22:08,4,1.0,57.5612,0.0,ANN_Scratch_v1
2026-08-21 12:22:10,0,1.0,31.5408,0.0,ANN_Scratch_v1
2026-08-21 12:22:12,0,1.0,29.051,3.88,ANN_Scratch_v1
2026-08-21 12:22:14,3,0.9998,46.4962,0.0,ANN_Scratch_v1
2026-08-21 12:22:17,1,1.0,18.9758,0.0,ANN_Scratch_v1
2026-08-21 12:22:19,1,1.0,15.9439,1.52,ANN_Scratch_v1
2026-08-21 12:22:21,3,1.0,28.6952,0.0,ANN_Scratch_v1
2026-08-21 12:22:23,4,1.0,50.6977,0.0,ANN_Scratch_v1
2026-08-21 12:22:25,4,1.0,29.5306,0.0,ANN_Scratch_v1
2026-08-21 12:22:27,3,1.0,42.9286,2.06,ANN_Scratch_v1
2026-08-21 12:22:29,1,0.7476,45.9647,0.0,ANN_Scratch_v1
2026-08-21 12:22:31,1,0.823,27.8624,0.0,ANN_Scratch_v1
2026-08-21 12:22:33,4,0.9941,47.9991,2.03,ANN_Scratch_v1
2026-08-21 12:22:35,8,0.7298,26.2702,0.0,ANN_Scratch_v1
2026-08-21 12:22:37,8,0.5641,59.4172,0.0,ANN_Scratch_v1
2026-08-21 12:22:39,7,1.0,47.6334,0.0,ANN_Scratch_v1
2026-08-21 12:22:42,3,1.0,50.9375,0.0,ANN_Scratch_v1
2026-08-21 12:22:44,1,0.3737,27.1894,1.05,ANN_Scratch_v1
2026-08-21 12:22:46,2,1.0,48.7318,0.0,ANN_Scratch_v1
2026-08-21 12:22:48,4,1.0,43.8937,0.0,ANN_Scratch_v1
2026-08-21 12:22:50,8,0.8339,33.6449,0.0,ANN_Scratch_v1
2026-08-21 12:22:52,9,0.7565,40.7344,0.0,ANN_Scratch_v1
2026-08-21 12:22:54,3,1.0,37.3774,2.02,ANN_Scratch_v1
2026-08-21 12:22:56,4,0.4113,45.6833,0.0,ANN_Scratch_v1
2026-08-21 12:22:58,2,1.0,39.2237,0.0,ANN_Scratch_v1
2026-08-21 12:23:00,7,0.9999,38.1888,0.0,ANN_Scratch_v1
2026-08-21 12:23:02,1,0.9988,35.7429,0.0,ANN_Scratch_v1
2026-08-21 12:23:04,8,0.9859,42.8274,0.0,ANN_Scratch_v1
2026-08-21 12:23:06,2,1.0,50.9014,2.04,ANN_Scratch_v1
2026-08-21 12:23:08,2,1.0,50.5401,0.0,ANN_Scratch_v1
2026-08-21 12:23:11,4,0.9999,58.7584,0.0,ANN_Scratch_v1
2026-08-21 12:23:13,6,0.9695,48.391,0.0,ANN_Scratch_v1
2026-08-21 12:23:15,4,0.4728,42.8066,1.54,ANN_Scratch_v1
2026-08-21 12:23:17,2,1.0,58.6343,4.3,ANN_Scratch_v1
2026-08-21 12:23:19,0,0.9925,48.6216,3.23,ANN_Scratch_v1
2026-08-21 12:23:21,2,1.0,46.1853,0.0,ANN_Scratch_v1
2026-08-21 12:23:23,0,1.0,41.9243,2.03,ANN_Scratch_v1
2026-08-21 12:23:25,5,1.0,50.3706,0.0,ANN_Scratch_v1
2026-08-21 12:23:27,6,1.0,52.1645,0.0,ANN_Scratch_v1
2026-08-21 12:23:29,2,1.0,56.31,0.0,ANN_Scratch_v1
2026-08-21 12:23:31,1,0.7055,29.7199,0.0,ANN_Scratch_v1
2026-08-21 12:23:33,8,0.7726,33.9454,0.0,ANN_Scratch_v1
2026-08-21 12:23:35,6,0.7512,53.7633,0.0,ANN_Scratch_v1
2026-08-21 12:23:37,1,0.7883,44.7696,0.0,ANN_Scratch_v1
2026-08-21 12:23:39,9,0.9924,40.1707,0.0,ANN_Scratch_v1
2026-08-21 12:23:42,8,0.9983,41.4953,0.0,ANN_Scratch_v1
2026-08-21 12:23:44,0,0.5739,36.4862,1.61,ANN_Scratch_v1
2026-08-21 12:23:46,8,0.8838,60.8315,0.0,ANN_Scratch_v1
2026-08-21 12:23:48,4,1.0,39.3217,1.16,ANN_Scratch_v1
2026-08-21 12:23:50,6,1.0,51.0569,0.0,ANN_Scratch_v1
2026-08-21 12:23:52,2,0.9988,40.405,0.0,ANN_Scratch_v1
2026-08-21 12:23:54,2,1.0,51.088,0.0,ANN_Scratch_v1
2026-08-21 12:23:56,8,0.9998,52.0394,0.0,ANN_Scratch_v1
2026-08-21 12:23:58,6,1.0,54.908,0.0,ANN_Scratch_v1
2026-08-21 12:24:00,7,0.876,44.4768,0.0,ANN_Scratch_v1
2026-08-21 12:24:02,2,1.0,53.7991,0.0,ANN_Scratch_v1
2026-08-21 12:24:04,6,1.0,58.1782,2.26,ANN_Scratch_v1
2026-08-21 12:24:06,4,0.9999,50.3087,0.0,ANN_Scratch_v1
2026-08-21 12:24:08,1,1.0,32.9812,0.0,ANN_Scratch_v1
2026-08-21 12:24:11,8,0.2786,26.662,5.06,ANN_Scratch_v1
2026-08-21 12:24:13,2,0.5913,29.4364,0.0,ANN_Scratch_v1
2026-08-21 12:24:15,4,0.9992,41.2104,0.0,ANN_Scratch_v1
2026-08-21 12:24:17,3,0.7306,45.1867,0.0,ANN_Scratch_v1
2026-08-21 12:24:19,2,1.0,53.1721,0.0,ANN_Scratch_v1
2026-08-21 12:24:21,8,0.3517,38.6225,0.0,ANN_Scratch_v1
2026-08-21 12:24:23,1,1.0,33.1426,0.0,ANN_Scratch_v1
2026-08-21 12:24:25,5,1.0,49.369,0.0,ANN_Scratch_v1
2026-08-21 12:24:27,8,0.4055,39.2604,0.0,ANN_Scratch_v1
2026-08-21 12:24:29,1,0.9897,34.7869,2.07,ANN_Scratch_v1
2026-08-21 12:24:31,0,1.0,52.688,0.0,ANN_Scratch_v1
2026-08-21 12:24:33,8,0.6187,41.7859,0.0,ANN_Scratch_v1
2026-08-21 12:24:35,8,0.9946,39.143,0.0,ANN_Scratch_v1
2026-08-21 12:24:38,3,0.9977,36.258,0.0,ANN_Scratch_v1
2026-08-21 12:24:40,6,1.0,63.4429,0.0,ANN_Scratch_v1
2026-08-21 12:24:42,7,0.9984,35.2896,0.0,ANN_Scratch_v1
2026-08-21 12:24:44,2,1.0,49.1518,4.55,ANN_Scratch_v1
2026-08-21 12:24:46,5,1.0,43.2113,4.05,ANN_Scratch_v1
2026-08-21 12:24:48,2,1.0,48.755,0.0,ANN_Scratch_v1
2026-08-21 12:24:50,5,1.0,43.5284,0.0,ANN_Scratch_v1
2026-08-21 12:24:52,7,0.9978,41.5066,1.03,ANN_Scratch_v1
2026-08-21 12:24:54,2,1.0,43.5244,0.0,ANN_Scratch_v1
2026-08-21 12:24:56,2,1.0,73.9608,4.8,ANN_Scratch_v1
2026-08-21 12:24:58,4,0.8062,38.8086,1.73,ANN_Scratch_v1
2026-08-21 12:25:00,2,1.0,42.8715,0.0,ANN_Scratch_v1
2026-08-21 12:25:02,2,1.0,55.6464,0.0,ANN_Scratch_v1
2026-08-21 12:25:04,9,0.9897,51.1979,6.14,ANN_Scratch_v1
2026-08-21 12:25:06,8,0.9324,41.0686,0.0,ANN_Scratch_v1
2026-08-21 12:25:09,1,0.9209,30.7208,0.0,ANN_Scratch_v1
2026-08-21 12:25:11,1,1.0,33.4289,2.79,ANN_Scratch_v1
2026-08-21 12:25:13,9,0.9913,39.8403,0.0,ANN_Scratch_v1
2026-08-21 12:25:15,5,0.5987,31.9011,0.0,ANN_Scratch_v1
2026-08-21 12:25:17,3,0.6566,37.5513,0.0,ANN_Scratch_v1
2026-08-21 12:25:19,8,0.9999,45.4468,0.0,ANN_Scratch_v1
2026-08-21 12:25:21,0,1.0,50.6821,0.0,ANN_Scratch_v1
2026-08-21 12:25:23,3,1.0,44.2577,2.99,ANN_Scratch_v1
2026-08-21 12:25:25,1,0.286,29.7894,0.0,ANN_Scratch_v1
2026-08-21 12:25:27,1,0.9999,30.0714,0.0,ANN_Scratch_v1
2026-08-21 12:25:29,8,0.8848,43.0694,0.0,ANN_Scratch_v1
2026-08-21 12:25:31,4,0.9995,40.378,4.57,ANN_Scratch_v1
2026-08-21 12:25:33,0,0.9643,56.8275,0.0,ANN_Scratch_v1
2026-08-21 12:25:35,7,0.8602,46.8703,1.72,ANN_Scratch_v1
2026-08-21 12:25:37,3,1.0,53.406,0.0,ANN_Scratch_v1
2026-08-21 12:25:40,4,0.773,30.8937,0.0,ANN_Scratch_v1
2026-08-21 12:25:42,7,0.9989,40.068,0.0,ANN_Scratch_v1
2026-08-21 12:25:44,2,0.8705,34.8068,0.0,ANN_Scratch_v1
2026-08-21 12:25:46,1,1.0,35.6385,0.0,ANN_Scratch_v1
2026-08-21 12:25:48,3,1.0,55.1385,0.0,ANN_Scratch_v1
2026-08-21 12:25:50,2,1.0,57.5009,2.82,ANN_Scratch_v1
2026-08-21 12:25:52,1,0.5588,26.4307,0.0,ANN_Scratch_v1
2026-08-21 12:25:54,6,0.8837,38.6938,0.0,ANN_Scratch_v1
2026-08-21 12:25:56,3,1.0,57.2805,0.0,ANN_Scratch_v1
2026-08-21 12:25:58,1,1.0,35.0641,0.0,ANN_Scratch_v1
2026-08-21 12:26:00,6,0.5154,39.5078,0.0,ANN_Scratch_v1
2026-08-21 12:26:02,3,1.0,58.0385,0.0,ANN_Scratch_v1
2026-08-21 12:26:04,7,0.8445,35.3828,2.92,ANN_Scratch_v1
2026-08-21 12:26:06,8,0.5281,26.0398,0.0,ANN_Scratch_v1
2026-08-21 12:26:08,1,1.0,41.906,0.0,ANN_Scratch_v1
2026-08-21 12:26:10,5,0.5596,38.1173,1.82,ANN_Scratch_v1
2026-08-21 12:26:13,6,0.4712,40.9879,2.03,ANN_Scratch_v1
2026-08-21 12:26:15,2,1.0,53.4701,0.0,ANN_Scratch_v1
2026-08-21 12:26:17,8,0.8771,40.0457,3.02,ANN_Scratch_v1
2026-08-21 12:26:19,6,1.0,36.1787,0.0,ANN_Scratch_v1
2026-08-21 12:26:21,3,0.9999,61.1897,0.0,ANN_Scratch_v1
2026-08-21 12:26:23,2,1.0,47.2863,3.7,ANN_Scratch_v1
2026-08-21 12:26:25,6,0.9995,52.2503,0.0,ANN_Scratch_v1
2026-08-21 12:26:27,8,0.9742,48.9829,0.0,ANN_Scratch_v1
2026-08-21 12:26:29,8,0.9489,68.9701,2.98,ANN_Scratch_v1
2026-08-21 12:26:31,9,0.9922,48.4689,0.79,ANN_Scratch_v1
2026-08-21 12:26:33,3,1.0,49.4511,0.0,ANN_Scratch_v1
2026-08-21 12:26:35,3,1.0,41.2103,0.0,ANN_Scratch_v1
2026-08-21 12:26:37,8,0.9978,43.4184,6.03,ANN_Scratch_v1
2026-08-21 12:26:39,3,0.9999,51.6563,4.12,ANN_Scratch_v1
2026-08-21 12:26:42,2,1.0,55.5759,0.0,ANN_Scratch_v1
2026-08-21 12:26:44,9,0.9774,35.61,0.78,ANN_Scratch_v1
2026-08-21 12:26:46,5,0.9959,52.7635,0.0,ANN_Scratch_v1
2026-08-21 12:26:48,0,1.0,72.3083,1.83,ANN_Scratch_v1
2026-08-21 12:26:50,3,1.0,50.5312,0.0,ANN_Scratch_v1
2026-08-21 12:26:52,8,0.9096,38.7845,0.0,ANN_Scratch_v1
2026-08-21 12:26:54,7,0.9394,37.0924,6.29,ANN_Scratch_v1
2026-08-21 12:26:56,5,1.0,41.5585,0.0,ANN_Scratch_v1
2026-08-21 12:26:58,7,0.9984,36.6599,4.91,ANN_Scratch_v1
2026-08-21 12:27:00,5,1.0,43.7675,6.4,ANN_Scratch_v1
2026-08-21 12:27:02,2,1.0,45.4861,0.0,ANN_Scratch_v1
2026-08-21 12:27:04,3,0.9717,33.4076,0.0,ANN_Scratch_v1
2026-08-21 12:27:06,6,0.7644,39.5512,0.0,ANN_Scratch_v1
2026-08-21 12:27:08,3,0.9996,55.7903,0.0,ANN_Scratch_v1
2026-08-21 12:27:11,6,1.0,53.4759,0.0,ANN_Scratch_v1
2026-08-21 12:27:13,6,0.9942,73.1568,4.55,ANN_Scratch_v1
2026-08-21 12:27:15,8,0.9967,41.1674,2.03,ANN_Scratch_v1
2026-08-21 12:27:17,5,1.0,36.5441,1.76,ANN_Scratch_v1
2026-08-21 12:27:19,5,1.0,36.7415,0.0,ANN_Scratch_v1
2026-08-21 12:27:21,2,0.7107,41.8691,2.01,ANN_Scratch_v1
2026-08-21 12:27:23,6,0.9947,44.1839,2.88,ANN_Scratch_v1
2026-08-21 12:27:25,0,1.0,53.9176,3.36,ANN_Scratch_v1
2026-08-21 12:27:27,2,0.9997,41.5355,0.0,ANN_Scratch_v1
2026-08-21 12:27:29,5,0.9998,34.508,0.0,ANN_Scratch_v1
2026-08-21 12:27:31,1,0.4326,42.8722,1.25,ANN_Scratch_v1
2026-08-21 12:27:33,2,1.0,45.3169,0.0,ANN_Scratch_v1
2026-08-21 12:27:36,6,0.9971,60.9871,6.43,ANN_Scratch_v1
2026-08-21 12:27:38,0,1.0,41.7332,0.0,ANN_Scratch_v1
2026-08-21 12:27:40,6,0.9998,51.1768,0.0,ANN_Scratch_v1
2026-08-21 12:27:42,2,0.9997,46.2915,2.03,ANN_Scratch_v1
2026-08-21 12:27:44,5,0.8623,27.1932,0.0,ANN_Scratch_v1
2026-08-21 12:27:46,7,0.3557,34.2171,6.16,ANN_Scratch_v1
2026-08-21 12:27:48,5,0.9999,64.5855,6.37,ANN_Scratch_v1
2026-08-21 12:27:50,7,0.9325,50.4569,0.0,ANN_Scratch_v1
2026-08-21 12:27:52,9,0.9167,46.5685,0.0,ANN_Scratch_v1
2026-08-21 12:27:54,3,1.0,42.2155,0.0,ANN_Scratch_v1
2026-08-21 12:27:56,4,0.9998,48.1703,0.0,ANN_Scratch_v1
2026-08-21 12:27:58,4,0.9993,46.5987,0.0,ANN_Scratch_v1
2026-08-21 12:28:00,5,0.9905,54.7058,1.02,ANN_Scratch_v1
2026-08-21 12:28:03,8,0.8909,54.069,1.91,ANN_Scratch_v1
2026-08-21 12:28:05,8,0.9999,40.537,0.0,ANN_Scratch_v1
2026-08-21 12:28:07,6,1.0,34.722,0.0,ANN_Scratch_v1
2026-08-21 12:28:09,6,0.996,35.6973,0.0,ANN_Scratch_v1
2026-08-21 12:28:11,6,0.988,48.2903,0.0,ANN_Scratch_v1
2026-08-21 12:28:13,2,1.0,48.9899,2.05,ANN_Scratch_v1
2026-08-21 12:28:15,2,1.0,45.7319,0.0,ANN_Scratch_v1
2026-08-21 12:28:17,1,1.0,37.9593,0.0,ANN_Scratch_v1
2026-08-21 12:28:19,1,0.6153,32.7089,0.68,ANN_Scratch_v1
2026-08-21 12:28:21,4,0.9999,42.4112,0.0,ANN_Scratch_v1
2026-08-21 12:28:23,7,0.5906,45.8063,0.0,ANN_Scratch_v1
2026-08-21 12:28:25,9,0.8322,38.6747,3.82,ANN_Scratch_v1
2026-08-21 12:28:27,5,1.0,43.1261,0.0,ANN_Scratch_v1
2026-08-21 12:28:29,8,0.8064,69.5026,2.02,ANN_Scratch_v1
2026-08-21 12:28:32,4,0.7636,30.2106,2.02,ANN_Scratch_v1
2026-08-21 12:28:34,1,1.0,26.5771,0.0,ANN_Scratch_v1
2026-08-21 12:28:36,5,1.0,38.7918,0.0,ANN_Scratch_v1
2026-08-21 12:28:38,1,1.0,29.9146,0.0,ANN_Scratch_v1
2026-08-21 12:28:40,9,0.6847,59.1763,0.0,ANN_Scratch_v1
2026-08-21 12:28:42,3,1.0,44.1616,2.76,ANN_Scratch_v1
2026-08-21 12:28:44,8,0.9999,44.3879,0.0,ANN_Scratch_v1
2026-08-21 12:28:46,0,1.0,52.5989,4.05,ANN_Scratch_v1
2026-08-21 12:28:48,7,0.9982,43.6169,0.0,ANN_Scratch_v1
2026-08-21 12:28:50,0,1.0,48.3267,0.0,ANN_Scratch_v1
2026-08-21 12:28:52,8,1.0,41.1025,0.0,ANN_Scratch_v1
2026-08-21 12:28:54,1,0.8528,41.4857,0.0,ANN_Scratch_v1
2026-08-21 12:28:56,2,1.0,59.1457,0.0,ANN_Scratch_v1
2026-08-21 12:28:58,3,0.9985,41.8784,0.0,ANN_Scratch_v1
2026-08-21 12:29:01,8,0.169,26.1113,0.0,ANN_Scratch_v1
2026-08-21 12:29:03,7,0.6867,40.8238,2.67,ANN_Scratch_v1
2026-08-21 12:29:05,5,0.9999,42.45,0.0,ANN_Scratch_v1
2026-08-21 12:29:07,2,1.0,48.1601,0.0,ANN_Scratch_v1
2026-08-21 12:29:09,3,1.0,46.5006,1.39,ANN_Scratch_v1
2026-08-21 12:29:11,5,1.0,49.9012,0.0,ANN_Scratch_v1
2026-08-21 12:29:13,5,0.7824,43.5303,0.0,ANN_Scratch_v1
2026-08-21 12:29:15,2,1.0,45.9643,0.0,ANN_Scratch_v1
2026-08-21 12:29:17,0,1.0,59.112,0.0,ANN_Scratch_v1
2026-08-21 12:29:19,0,1.0,74.2923,0.0,ANN_Scratch_v1
2026-08-21 12:29:21,0,1.0,47.6709,0.0,ANN_Scratch_v1
2026-08-21 12:29:23,3,0.9995,54.8153,0.0,ANN_Scratch_v1
2026-08-21 12:29:25,0,1.0,42.4564,0.91,ANN_Scratch_v1
2026-08-21 12:29:28,9,0.5047,45.6246,0.0,ANN_Scratch_v1
2026-08-21 12:29:30,5,1.0,41.1876,0.0,ANN_Scratch_v1
2026-08-21 12:29:32,9,0.4967,34.4418,4.63,ANN_Scratch_v1
2026-08-21 12:29:34,9,0.9493,44.6046,2.39,ANN_Scratch_v1
2026-08-21 12:29:36,4,0.9798,36.1919,0.0,ANN_Scratch_v1
2026-08-21 12:29:38,1,1.0,32.3606,0.0,ANN_Scratch_v1
2026-08-21 12:29:40,1,0.952,27.9129,1.58,ANN_Scratch_v1
2026-08-21 12:29:42,4,0.9995,50.823,0.0,ANN_Scratch_v1
2026-08-21 12:29:44,1,0.9998,27.0684,0.0,ANN_Scratch_v1
2026-08-21 12:29:46,5,1.0,37.4555,0.0,ANN_Scratch_v1
2026-08-21 12:29:48,8,0.41,33.3073,2.03,ANN_Scratch_v1
2026-08-21 12:29:50,3,0.9991,57.6835,3.19,ANN_Scratch_v1
2026-08-21 12:29:52,1,0.9937,34.9811,0.0,ANN_Scratch_v1
2026-08-21 12:29:54,9,0.9383,40.0478,2.04,ANN_Scratch_v1
2026-08-21 12:29:57,4,0.9965,45.7224,0.91,ANN_Scratch_v1
2026-08-21 12:29:59,6,1.0,42.7258,0.0,ANN_Scratch_v1
2026-08-21 12:30:01,3,0.9998,51.3736,0.0,ANN_Scratch_v1
2026-08-21 12:30:03,2,1.0,48.2687,0.0,ANN_Scratch_v1
2026-08-21 12:30:05,1,0.8321,27.6534,0.0,ANN_Scratch_v1
2026-08-21 12:30:07,1,1.0,33.2481,0.0,ANN_Scratch_v1
2026-08-21 12:30:09,5,0.9675,49.8801,6.13,ANN_Scratch_v1
2026-08-21 12:30:11,9,0.9987,45.0617,4.06,ANN_Scratch_v1
2026-08-21 12:30:13,2,1.0,61.4042,0.0,ANN_Scratch_v1
2026-08-21 12:30:15,8,1.0,42.8725,0.0,ANN_Scratch_v1
2026-08-21 12:30:17,2,1.0,41.8406,0.0,ANN_Scratch_v1
2026-08-21 12:30:19,1,0.9556,28.0346,0.0,ANN_Scratch_v1
2026-08-21 12:30:21,4,0.9999,44.3212,0.0,ANN_Scratch_v1
2026-08-21 12:30:24,5,0.4468,41.4715,0.0,ANN_Scratch_v1
2026-08-21 12:30:26,4,0.7489,40.7987,0.0,ANN_Scratch_v1
2026-08-21 12:30:28,5,0.9996,37.4808,8.08,ANN_Scratch_v1
2026-08-21 12:30:30,8,1.0,56.1941,2.02,ANN_Scratch_v1
2026-08-21 12:30:32,3,0.9999,41.4059,0.0,ANN_Scratch_v1
2026-08-21 12:30:34,2,1.0,50.8987,0.0,ANN_Scratch_v1
2026-08-21 12:30:36,0,0.993,61.9976,0.0,ANN_Scratch_v1
2026-08-21 12:30:38,2,1.0,62.5781,2.11,ANN_Scratch_v1
2026-08-21 12:30:40,3,0.9999,41.2114,5.64,ANN_Scratch_v1
2026-08-21 12:30:42,2,0.4913,34.8448,5.87,ANN_Scratch_v1
2026-08-21 12:30:44,6,0.98,40.8458,0.0,ANN_Scratch_v1
2026-08-21 12:30:46,1,0.9965,32.608,0.0,ANN_Scratch_v1
2026-08-21 12:30:48,5,1.0,49.7017,0.0,ANN_Scratch_v1
2026-08-21 12:30:50,7,0.776,45.891,0.0,ANN_Scratch_v1
2026-08-21 12:30:52,4,0.9084,40.8167,0.0,ANN_Scratch_v1
2026-08-21 12:30:54,7,0.9384,35.4151,0.0,ANN_Scratch_v1
2026-08-21 12:30:56,8,0.9887,82.0987,0.0,ANN_Scratch_v1
2026-08-21 12:30:59,4,0.9915,39.8858,1.87,ANN_Scratch_v1
2026-08-21 12:31:01,9,0.997,37.7392,0.0,ANN_Scratch_v1
2026-08-21 12:31:03,4,0.9985,41.2879,2.01,ANN_Scratch_v1
2026-08-21 12:31:05,3,0.9993,64.6363,0.0,ANN_Scratch_v1
2026-08-21 12:31:07,6,1.0,53.9018,0.0,ANN_Scratch_v1
2026-08-21 12:31:09,7,1.0,72.1426,4.76,ANN_Scratch_v1
2026-08-21 12:31:11,9,0.4045,38.4723,0.0,ANN_Scratch_v1
2026-08-21 12:31:13,5,0.3966,38.7242,0.0,ANN_Scratch_v1
2026-08-21 12:31:15,9,0.6747,40.9549,4.36,ANN_Scratch_v1
2026-08-21 12:31:17,8,0.9928,63.2945,0.0,ANN_Scratch_v1
2026-08-21 12:31:19,3,0.9999,47.2291,0.0,ANN_Scratch_v1
2026-08-21 12:31:21,2,0.8581,29.0679,0.0,ANN_Scratch_v1
2026-08-21 12:31:23,3,0.9954,57.2728,0.0,ANN_Scratch_v1
2026-08-21 12:31:25,0,1.0,75.7851,0.0,ANN_Scratch_v1
2026-08-21 12:31:27,4,0.8084,41.3132,0.46,ANN_Scratch_v1
2026-08-21 12:31:29,7,0.6823,39.4896,0.0,ANN_Scratch_v1
2026-08-21 12:31:31,8,0.9938,44.2689,0.0,ANN_Scratch_v1
2026-08-21 12:31:33,4,1.0,50.1918,0.0,ANN_Scratch_v1
2026-08-21 12:31:36,9,0.4826,30.5833,0.0,ANN_Scratch_v1
2026-08-21 12:31:38,3,1.0,40.0601,0.0,ANN_Scratch_v1
2026-08-21 12:31:40,5,0.9898,48.6204,0.0,ANN_Scratch_v1
2026-08-21 12:31:42,2,1.0,46.9343,0.0,ANN_Scratch_v1
2026-08-21 12:31:44,3,1.0,55.6285,0.0,ANN_Scratch_v1
2026-08-21 12:31:46,9,0.7447,38.6495,2.53,ANN_Scratch_v1
2026-08-21 12:31:48,2,1.0,49.1028,2.01,ANN_Scratch_v1
2026-08-21 12:31:50,3,0.1895,30.3087,0.0,ANN_Scratch_v1
2026-08-21 12:31:52,7,1.0,37.0988,0.0,ANN_Scratch_v1
2026-08-21 12:31:54,8,0.9004,51.4523,0.0,ANN_Scratch_v1
2026-08-21 12:31:56,8,0.9975,56.5254,0.0,ANN_Scratch_v1
2026-08-21 12:31:58,0,0.8384,53.3451,0.0,ANN_Scratch_v1
2026-08-21 12:32:00,1,0.9999,29.5974,0.0,ANN_Scratch_v1
2026-08-21 12:32:02,7,0.9996,44.9553,0.0,ANN_Scratch_v1
2026-08-21 12:32:04,1,1.0,31.9273,0.0,ANN_Scratch_v1
2026-08-21 12:32:07,0,1.0,53.3003,0.0,ANN_Scratch_v1
2026-08-21 12:32:09,2,0.9996,35.4394,0.0,ANN_Scratch_v1
2026-08-21 12:32:11,2,1.0,45.9397,2.01,ANN_Scratch_v1
2026-08-21 12:32:13,1,1.0,33.2466,0.0,ANN_Scratch_v1
2026-08-21 12:32:15,3,1.0,48.8962,0.0,ANN_Scratch_v1
2026-08-21 12:32:17,8,0.9485,48.3396,0.69,ANN_Scratch_v1
2026-08-21 12:32:19,0,1.0,63.2093,0.0,ANN_Scratch_v1
2026-08-21 12:32:21,8,0.905,55.6319,0.0,ANN_Scratch_v1
2026-08-21 12:32:23,5,1.0,49.3108,0.0,ANN_Scratch_v1
2026-08-21 12:32:25,9,0.5565,56.6016,0.0,ANN_Scratch_v1
2026-08-21 12:32:27,7,0.6976,33.2302,0.0,ANN_Scratch_v1
2026-08-21 12:32:29,4,1.0,65.9272,2.02,ANN_Scratch_v1
2026-08-21 12:32:31,0,1.0,44.2783,0.0,ANN_Scratch_v1
2026-08-21 12:32:33,0,1.0,40.4332,0.0,ANN_Scratch_v1
2026-08-21 12:32:35,3,0.9859,57.3241,0.0,ANN_Scratch_v1
2026-08-21 12:32:37,1,1.0,32.1136,0.0,ANN_Scratch_v1
2026-08-21 12:32:39,1,0.9999,29.859,0.0,ANN_Scratch_v1
2026-08-21 12:32:42,3,1.0,39.7972,0.0,ANN_Scratch_v1
2026-08-21 12:32:44,4,1.0,60.1055,0.0,ANN_Scratch_v1
2026-08-21 12:32:46,4,0.9753,41.9453,0.0,ANN_Scratch_v1
2026-08-21 12:32:48,3,1.0,53.0866,0.0,ANN_Scratch_v1
2026-08-21 12:32:50,9,0.3495,76.5938,0.0,ANN_Scratch_v1
2026-08-21 12:32:52,9,0.3324,66.2462,4.31,ANN_Scratch_v1
2026-08-21 12:32:54,8,0.6486,77.9707,0.0,ANN_Scratch_v1
2026-08-21 12:32:56,8,0.3344,65.8591,0.0,ANN_Scratch_v1
2026-08-21 12:32:58,8,0.2822,85.4279,0.0,ANN_Scratch_v1
2026-08-21 12:33:00,2,0.6572,77.2009,0.0,ANN_Scratch_v1
2026-08-21 12:33:02,3,0.5995,79.7168,1.78,ANN_Scratch_v1
2026-08-21 12:33:04,9,0.352,67.4904,0.0,ANN_Scratch_v1
2026-08-21 12:33:06,8,0.5765,79.3157,1.12,ANN_Scratch_v1
2026-08-21 12:33:09,8,0.6699,76.0032,0.0,ANN_Scratch_v1
2026-08-21 12:33:11,8,0.5262,69.3412,0.0,ANN_Scratch_v1
2026-08-21 12:33:13,9,0.3738,73.4974,0.0,ANN_Scratch_v1
2026-08-21 12:33:15,3,0.5103,72.4777,0.0,ANN_Scratch_v1
2026-08-21 12:33:17,8,0.6699,76.852,2.02,ANN_Scratch_v1
2026-08-21 12:33:19,2,0.7408,72.9534,4.74,ANN_Scratch_v1
2026-08-21 12:33:21,5,0.3448,71.8871,0.0,ANN_Scratch_v1
2026-08-21 12:33:23,9,0.3684,72.9464,0.0,ANN_Scratch_v1
2026-08-21 12:33:25,9,0.2523,74.9458,0.0,ANN_Scratch_v1
2026-08-21 12:33:27,8,0.7434,80.1562,0.0,ANN_Scratch_v1
2026-08-21 12:33:29,8,0.4738,78.5376,0.0,ANN_Scratch_v1
2026-08-21 12:33:31,8,0.6699,85.0542,0.0,ANN_Scratch_v1
2026-08-21 12:33:33,8,0.6699,78.727,0.0,ANN_Scratch_v1
2026-08-21 12:33:35,8,0.6743,74.8131,3.14,ANN_Scratch_v1
2026-08-21 12:33:38,3,0.6255,84.2003,0.72,ANN_Scratch_v1
2026-08-21 12:33:40,0,0.3695,78.6186,4.56,ANN_Scratch_v1
2026-08-21 12:33:42,8,0.7995,77.3776,0.0,ANN_Scratch_v1
2026-08-21 12:33:44,5,0.5417,75.8431,2.03,ANN_Scratch_v1
2026-08-21 12:33:46,3,0.6524,79.0733,2.64,ANN_Scratch_v1
2026-08-21 12:33:48,8,0.5541,80.3393,4.09,ANN_Scratch_v1
2026-08-21 12:33:50,8,0.6275,83.5631,5.55,ANN_Scratch_v1
2026-08-21 12:33:52,9,0.2957,66.8406,0.0,ANN_Scratch_v1
2026-08-21 12:33:54,9,0.3392,70.4177,0.0,ANN_Scratch_v1
2026-08-21 12:33:56,8,0.8914,81.4133,0.0,ANN_Scratch_v1
2026-08-21 12:33:58,9,0.3445,75.7966,1.69,ANN_Scratch_v1
2026-08-21 12:34:00,8,0.833,74.3227,1.06,ANN_Scratch_v1
2026-08-21 12:34:02,8,0.3715,75.4847,0.0,ANN_Scratch_v1
2026-08-21 12:34:04,9,0.3119,72.0912,0.0,ANN_Scratch_v1
2026-08-21 12:46:02,8,0.4158,86.1429,69.75,ANN_Scratch_v1
2026-08-21 12:46:04,8,0.6699,73.5242,5.91,ANN_Scratch_v1
2026-08-21 12:46:06,8,0.6699,79.317,0.0,ANN_Scratch_v1
2026-08-21 12:46:08,3,0.3121,73.7315,0.0,ANN_Scratch_v1
2026-08-21 12:46:10,8,0.733,80.1677,1.79,ANN_Scratch_v1
2026-08-21 12:46:12,8,0.7076,80.1856,0.0,ANN_Scratch_v1
2026-08-21 12:46:14,8,0.6767,81.9745,0.0,ANN_Scratch_v1
2026-08-21 12:46:16,9,0.3654,75.9018,0.0,ANN_Scratch_v1
2026-08-21 12:46:18,8,0.5128,81.2385,1.84,ANN_Scratch_v1
2026-08-21 12:46:20,8,0.6792,83.7073,0.0,ANN_Scratch_v1
2026-08-21 12:46:23,8,0.6699,79.2768,0.0,ANN_Scratch_v1
2026-08-21 12:46:25,9,0.3157,69.7526,0.0,ANN_Scratch_v1
2026-08-21 12:46:27,8,0.2867,65.8699,1.45,ANN_Scratch_v1
2026-08-21 12:46:29,8,0.2884,68.0676,1.58,ANN_Scratch_v1
2026-08-21 12:46:31,8,0.6699,73.9624,0.0,ANN_Scratch_v1
2026-08-21 12:46:33,3,0.6334,76.3763,0.0,ANN_Scratch_v1
2026-08-21 12:46:35,8,0.6699,82.0319,0.0,ANN_Scratch_v1
2026-08-21 12:46:37,3,0.3228,71.9847,0.0,ANN_Scratch_v1
2026-08-21 12:46:39,8,0.5018,70.1843,0.0,ANN_Scratch_v1
2026-08-21 12:46:41,5,0.9235,77.926,1.73,ANN_Scratch_v1
2026-08-21 12:46:43,8,0.2666,73.2793,3.03,ANN_Scratch_v1
2026-08-21 12:46:45,9,0.3256,71.8042,1.81,ANN_Scratch_v1
2026-08-21 12:46:47,5,0.4362,81.0427,0.0,ANN_Scratch_v1
2026-08-21 12:46:49,8,0.3015,73.9445,0.0,ANN_Scratch_v1
2026-08-21 12:46:51,8,0.6699,72.7768,0.98,ANN_Scratch_v1
2026-08-21 12:46:54,3,0.3629,72.3367,2.88,ANN_Scratch_v1
2026-08-21 12:46:56,8,0.6699,86.8884,0.0,ANN_Scratch_v1
2026-08-21 12:46:58,9,0.3255,71.6173,1.04,ANN_Scratch_v1
2026-08-21 12:47:00,8,0.6699,78.4043,0.0,ANN_Scratch_v1
2026-08-21 12:47:02,3,0.5114,75.4458,0.0,ANN_Scratch_v1
2026-08-21 12:47:04,8,0.4624,79.4879,6.26,ANN_Scratch_v1
2026-08-21 12:47:06,3,0.5309,75.4636,0.0,ANN_Scratch_v1
2026-08-21 12:47:08,8,0.6914,74.0453,1.69,ANN_Scratch_v1
2026-08-21 12:47:10,9,0.3612,75.3622,1.81,ANN_Scratch_v1
2026-08-21 12:47:12,2,0.6516,92.1798,0.0,ANN_Scratch_v1
2026-08-21 12:47:14,8,0.4172,73.4362,0.0,ANN_Scratch_v1
2026-08-21 12:47:16,8,0.642,74.8291,2.53,ANN_Scratch_v1
2026-08-21 12:47:18,2,0.957,82.5631,2.07,ANN_Scratch_v1
2026-08-21 12:47:20,8,0.284,79.9286,4.36,ANN_Scratch_v1
2026-08-21 12:47:22,8,0.8257,74.662,2.73,ANN_Scratch_v1
2026-08-21 12:47:24,9,0.3672,68.206,0.0,ANN_Scratch_v1
2026-08-21 12:47:26,8,0.3849,69.5217,1.45,ANN_Scratch_v1
2026-08-21 12:47:29,8,0.4776,74.2672,0.0,ANN_Scratch_v1
2026-08-21 12:47:31,8,0.2911,69.6601,0.0,ANN_Scratch_v1
2026-08-21 12:47:33,9,0.3396,72.9388,0.0,ANN_Scratch_v1
2026-08-21 12:47:35,8,0.3901,77.257,3.65,ANN_Scratch_v1
2026-08-21 12:47:37,0,0.4504,80.2589,5.31,ANN_Scratch_v1
2026-08-21 12:47:39,3,0.5527,76.8042,0.0,ANN_Scratch_v1
2026-08-21 12:47:41,9,0.3086,67.4388,3.53,ANN_Scratch_v1
2026-08-21 12:47:43,9,0.3731,68.1665,0.0,ANN_Scratch_v1
2026-08-21 12:47:45,8,0.4803,75.2239,2.88,ANN_Scratch_v1
2026-08-21 12:47:47,8,0.6699,74.088,0.0,ANN_Scratch_v1
2026-08-21 12:47:49,8,0.6699,83.2538,0.0,ANN_Scratch_v1
2026-08-21 12:47:51,8,0.3136,77.4069,1.58,ANN_Scratch_v1
2026-08-21 12:47:53,3,0.5423,81.6084,0.0,ANN_Scratch_v1
2026-08-21 12:47:55,8,0.6015,68.2545,1.45,ANN_Scratch_v1
2026-08-21 12:47:57,8,0.2841,74.3559,0.0,ANN_Scratch_v1
2026-08-21 12:48:00,8,0.2424,70.7181,3.64,ANN_Scratch_v1
2026-08-21 12:48:02,8,0.495,71.9917,5.05,ANN_Scratch_v1
2026-08-21 12:48:04,3,0.4242,81.7277,0.0,ANN_Scratch_v1
2026-08-21 12:48:06,2,0.9968,83.8782,0.0,ANN_Scratch_v1
2026-08-21 12:48:08,9,0.3149,66.2513,0.0,ANN_Scratch_v1
2026-08-21 12:48:10,0,0.3071,72.4337,3.7,ANN_Scratch_v1
2026-08-21 12:48:12,3,0.7598,84.2557,0.0,ANN_Scratch_v1
2026-08-21 12:48:14,8,0.3427,70.2978,1.71,ANN_Scratch_v1
2026-08-21 12:48:16,8,0.266,74.2239,0.0,ANN_Scratch_v1
2026-08-21 12:48:18,3,0.7978,84.7379,0.0,ANN_Scratch_v1
2026-08-21 12:48:20,8,0.2615,70.0619,5.71,ANN_Scratch_v1
2026-08-21 12:48:22,9,0.3592,65.0453,2.53,ANN_Scratch_v1
2026-08-21 12:48:24,8,0.4919,74.4165,0.0,ANN_Scratch_v1
2026-08-21 12:48:26,5,0.3471,72.1448,1.55,ANN_Scratch_v1
2026-08-21 12:48:28,8,0.6498,74.4994,0.0,ANN_Scratch_v1
2026-08-21 12:48:30,2,0.5299,80.6467,0.0,ANN_Scratch_v1
2026-08-21 12:48:32,8,0.4001,74.0459,1.75,ANN_Scratch_v1
2026-08-21 12:48:35,8,0.8058,71.9337,2.13,ANN_Scratch_v1
2026-08-21 12:48:37,8,0.5739,86.5459,0.0,ANN_Scratch_v1
2026-08-21 12:48:39,8,0.7119,77.6161,1.63,ANN_Scratch_v1
2026-08-21 12:48:41,8,0.6699,81.5293,0.0,ANN_Scratch_v1
2026-08-21 12:48:43,9,0.3722,78.155,3.05,ANN_Scratch_v1
2026-08-21 12:48:45,8,0.7209,90.368,0.0,ANN_Scratch_v1
2026-08-21 12:48:47,8,0.466,78.7353,1.41,ANN_Scratch_v1
2026-08-21 12:48:49,3,0.9355,77.537,0.0,ANN_Scratch_v1
2026-08-21 12:48:51,5,0.4816,73.9165,0.0,ANN_Scratch_v1
2026-08-21 12:48:53,8,0.7665,75.9828,0.0,ANN_Scratch_v1
2026-08-21 12:48:55,3,0.6112,80.3584,1.28,ANN_Scratch_v1
2026-08-21 12:48:57,8,0.7963,82.5765,0.0,ANN_Scratch_v1
2026-08-21 12:48:59,9,0.3769,70.9133,0.0,ANN_Scratch_v1
2026-08-21 12:49:02,5,0.8243,80.6741,0.0,ANN_Scratch_v1
2026-08-21 12:49:04,8,0.5237,91.8897,0.0,ANN_Scratch_v1
2026-08-21 12:49:06,8,0.3371,78.7519,0.0,ANN_Scratch_v1
2026-08-21 12:49:08,8,0.3654,72.6307,0.0,ANN_Scratch_v1
2026-08-21 12:49:10,3,0.4214,72.1148,1.62,ANN_Scratch_v1
2026-08-21 12:49:12,5,0.8976,75.3865,1.55,ANN_Scratch_v1
2026-08-21 12:49:14,8,0.528,71.7991,2.04,ANN_Scratch_v1
2026-08-21 12:49:16,5,0.8611,76.0128,0.0,ANN_Scratch_v1
2026-08-21 12:49:18,8,0.7595,76.7443,0.0,ANN_Scratch_v1
2026-08-21 12:49:20,3,0.6217,70.5242,0.0,ANN_Scratch_v1
2026-08-21 12:49:22,8,0.65,73.7251,0.0,ANN_Scratch_v1
2026-08-21 12:49:24,5,0.5917,82.6097,0.0,ANN_Scratch_v1
2026-08-21 12:53:31,8,0.4007,81.3954,127.65,ANN_Scratch_v1
2026-08-21 12:53:33,8,0.6699,93.3023,0.0,ANN_Scratch_v1
2026-08-21 12:53:35,8,0.3319,73.7436,0.0,ANN_Scratch_v1
2026-08-21 12:53:37,5,0.7615,72.463,3.97,ANN_Scratch_v1
2026-08-21 12:53:39,5,0.3037,72.1696,0.0,ANN_Scratch_v1
2026-08-21 12:53:41,8,0.2534,75.2985,2.02,ANN_Scratch_v1
2026-08-21 12:53:44,8,0.6791,76.0912,0.0,ANN_Scratch_v1
2026-08-21 12:53:46,8,0.3349,82.5478,3.09,ANN_Scratch_v1
2026-08-21 12:53:48,8,0.5216,74.1256,0.0,ANN_Scratch_v1
2026-08-21 12:53:50,5,0.7248,70.6735,0.0,ANN_Scratch_v1
2026-08-21 12:53:52,8,0.3665,75.5255,0.0,ANN_Scratch_v1
2026-08-21 12:53:54,3,0.3862,77.0306,4.27,ANN_Scratch_v1
2026-08-21 12:53:56,8,0.4766,85.0466,2.01,ANN_Scratch_v1
2026-08-21 12:53:58,8,0.5793,73.9458,0.0,ANN_Scratch_v1
2026-08-21 12:54:00,8,0.4112,80.2474,0.0,ANN_Scratch_v1
2026-08-21 12:54:02,8,0.5125,76.9503,0.0,ANN_Scratch_v1
2026-08-21 12:54:04,5,0.4036,66.4624,0.0,ANN_Scratch_v1
2026-08-21 12:54:06,3,0.397,70.1505,0.0,ANN_Scratch_v1
2026-08-21 12:54:08,5,0.6943,87.5478,1.41,ANN_Scratch_v1
2026-08-21 12:54:10,0,0.2219,79.3731,3.87,ANN_Scratch_v1
2026-08-21 12:54:12,8,0.6699,75.9452,3.34,ANN_Scratch_v1
2026-08-21 12:54:15,3,0.4456,74.5995,0.0,ANN_Scratch_v1
2026-08-21 12:54:17,8,0.6699,77.8705,0.0,ANN_Scratch_v1
2026-08-21 12:54:19,8,0.6287,76.9375,1.64,ANN_Scratch_v1
2026-08-21 12:54:21,5,0.4385,81.7143,2.79,ANN_Scratch_v1
2026-08-21 12:54:23,5,0.2536,82.5051,0.0,ANN_Scratch_v1
2026-08-21 12:54:25,8,0.8617,74.0708,0.0,ANN_Scratch_v1
2026-08-21 12:54:27,8,0.8383,71.1001,0.0,ANN_Scratch_v1
2026-08-21 12:54:29,8,0.2745,71.3157,0.0,ANN_Scratch_v1
2026-08-21 12:54:31,8,0.4086,78.4011,2.39,ANN_Scratch_v1
2026-08-21 12:54:33,8,0.6699,79.2583,0.0,ANN_Scratch_v1
2026-08-21 12:54:35,8,0.7053,76.595,0.0,ANN_Scratch_v1
2026-08-21 12:54:37,8,0.7153,73.5459,4.88,ANN_Scratch_v1
2026-08-21 12:54:39,9,0.3782,69.2972,3.01,ANN_Scratch_v1
2026-08-21 12:54:42,8,0.5778,74.3182,0.0,ANN_Scratch_v1
2026-08-21 12:54:44,3,0.3536,76.7379,3.99,ANN_Scratch_v1
2026-08-21 12:54:46,3,0.3613,71.6499,0.53,ANN_Scratch_v1
2026-08-21 12:54:48,5,0.4675,75.9056,0.0,ANN_Scratch_v1
2026-08-21 12:54:50,8,0.6699,90.0383,0.0,ANN_Scratch_v1
2026-08-21 12:54:52,9,0.2319,67.7653,2.03,ANN_Scratch_v1
2026-08-21 12:54:54,8,0.4102,66.1142,0.0,ANN_Scratch_v1
2026-08-21 12:54:56,5,0.5815,73.3508,0.0,ANN_Scratch_v1
2026-08-21 12:54:58,9,0.3143,68.1505,4.58,ANN_Scratch_v1
2026-08-21 12:55:00,8,0.6699,84.5651,0.0,ANN_Scratch_v1
2026-08-21 12:55:02,3,0.5197,77.0784,0.0,ANN_Scratch_v1
2026-08-21 12:55:04,8,0.9054,76.3941,0.0,ANN_Scratch_v1
2026-08-21 12:55:06,8,0.2687,81.1046,0.0,ANN_Scratch_v1
2026-08-21 12:55:08,9,0.3505,75.0619,5.01,ANN_Scratch_v1
2026-08-21 12:55:10,5,0.2606,78.7634,0.0,ANN_Scratch_v1
2026-08-21 12:55:13,8,0.6383,74.8807,0.0,ANN_Scratch_v1
2026-08-21 12:55:15,8,0.4373,73.6907,2.02,ANN_Scratch_v1
2026-08-21 12:55:17,8,0.5922,85.2978,4.06,ANN_Scratch_v1
2026-08-21 12:55:19,3,0.4562,74.4936,0.0,ANN_Scratch_v1
2026-08-21 12:55:21,9,0.3039,66.4847,2.42,ANN_Scratch_v1
2026-08-21 12:55:23,8,0.2562,73.8795,1.11,ANN_Scratch_v1
2026-08-21 12:55:25,5,0.3389,75.3603,0.0,ANN_Scratch_v1
2026-08-21 12:55:27,8,0.7417,78.3227,0.0,ANN_Scratch_v1
2026-08-21 12:55:29,5,0.4512,78.0191,0.0,ANN_Scratch_v1
2026-08-21 12:55:31,5,0.7785,79.0676,0.0,ANN_Scratch_v1
2026-08-21 12:55:33,3,0.5149,76.1008,0.0,ANN_Scratch_v1
2026-08-21 12:55:35,3,0.6364,77.1218,1.32,ANN_Scratch_v1
2026-08-21 12:55:37,5,0.2787,84.4496,0.0,ANN_Scratch_v1
2026-08-21 12:55:40,8,0.6699,92.4145,0.0,ANN_Scratch_v1
2026-08-21 12:55:42,0,0.4893,77.148,0.0,ANN_Scratch_v1
2026-08-21 12:55:44,8,0.7955,82.0874,5.16,ANN_Scratch_v1
2026-08-21 12:55:46,0,0.496,75.1798,0.0,ANN_Scratch_v1
2026-08-21 12:55:48,8,0.4636,76.8029,0.0,ANN_Scratch_v1
2026-08-21 12:55:50,8,0.3036,74.9866,2.42,ANN_Scratch_v1
2026-08-21 12:55:52,9,0.3056,70.8291,2.24,ANN_Scratch_v1
2026-08-21 12:55:54,8,0.6699,76.5848,1.09,ANN_Scratch_v1
2026-08-21 12:55:56,8,0.6117,71.4802,0.0,ANN_Scratch_v1
2026-08-21 12:55:58,8,0.5543,70.0006,0.0,ANN_Scratch_v1
2026-08-21 12:56:00,9,0.2882,67.5,0.0,ANN_Scratch_v1
2026-08-21 12:56:02,8,0.6699,79.6467,1.4,ANN_Scratch_v1
2026-08-21 12:56:04,9,0.3232,66.919,3.86,ANN_Scratch_v1
2026-08-21 12:56:06,8,0.6621,72.5816,0.0,ANN_Scratch_v1
2026-08-21 12:56:09,8,0.3015,69.6409,0.0,ANN_Scratch_v1
2026-08-21 12:56:11,3,0.7975,83.6231,1.92,ANN_Scratch_v1
2026-08-21 12:56:13,8,0.4637,70.5108,0.0,ANN_Scratch_v1
2026-08-21 12:56:15,8,0.4389,73.4324,0.0,ANN_Scratch_v1
2026-08-21 12:56:17,8,0.4974,76.1562,5.09,ANN_Scratch_v1
2026-08-21 12:56:19,8,0.7538,75.8903,2.15,ANN_Scratch_v1
2026-08-21 12:56:21,3,0.5958,80.2219,3.03,ANN_Scratch_v1
2026-08-21 12:56:23,8,0.6883,77.7474,0.0,ANN_Scratch_v1
2026-08-21 12:56:25,8,0.3046,66.7685,0.0,ANN_Scratch_v1
2026-08-21 12:56:27,8,0.3651,70.7487,0.0,ANN_Scratch_v1
2026-08-21 12:56:29,5,0.4683,79.3712,3.77,ANN_Scratch_v1
2026-08-21 12:56:31,8,0.7721,76.5019,39.94,ANN_Scratch_v1
2026-08-21 12:56:33,8,0.8236,85.47,0.0,ANN_Scratch_v1
2026-08-21 12:56:35,8,0.8822,74.9445,0.0,ANN_Scratch_v1
2026-08-21 12:56:37,8,0.7664,74.9911,3.33,ANN_Scratch_v1
2026-08-21 12:56:40,8,0.3544,66.648,0.56,ANN_Scratch_v1
2026-08-21 12:56:42,8,0.6699,75.9713,0.0,ANN_Scratch_v1
2026-08-21 12:56:44,5,0.2651,73.8578,0.0,ANN_Scratch_v1
2026-08-21 12:56:46,8,0.6699,73.7691,0.0,ANN_Scratch_v1
2026-08-21 12:56:48,5,0.5814,71.9751,0.0,ANN_Scratch_v1
2026-08-21 12:56:50,8,0.6699,82.2079,5.11,ANN_Scratch_v1
2026-08-21 12:56:52,3,0.3521,74.4432,1.19,ANN_Scratch_v1
2026-08-21 12:56:54,2,0.6255,79.6046,0.0,ANN_Scratch_v1
2026-08-21 12:56:56,8,0.6699,85.6212,1.53,ANN_Scratch_v1
2026-08-21 12:56:58,8,0.5458,86.9783,5.1,ANN_Scratch_v1
2026-08-21 12:57:00,9,0.3749,74.3686,0.0,ANN_Scratch_v1
2026-08-21 12:57:02,8,0.2901,71.1894,0.0,ANN_Scratch_v1
2026-08-21 12:57:04,8,0.4751,74.0255,0.0,ANN_Scratch_v1
2026-08-21 12:57:06,8,0.4075,69.5682,0.0,ANN_Scratch_v1
2026-08-21 12:57:08,5,0.8212,79.8406,0.0,ANN_Scratch_v1
2026-08-21 12:57:11,3,0.3352,77.1122,1.07,ANN_Scratch_v1
2026-08-21 12:57:13,8,0.6699,74.227,4.18,ANN_Scratch_v1
2026-08-21 12:57:15,8,0.2462,71.6409,0.0,ANN_Scratch_v1
2026-08-21 12:57:17,8,0.644,97.0867,0.0,ANN_Scratch_v1
2026-08-21 12:57:19,8,0.5524,73.5944,0.0,ANN_Scratch_v1
2026-08-21 12:57:21,8,0.2901,72.2143,2.03,ANN_Scratch_v1
2026-08-21 12:57:23,8,0.5855,74.4943,0.0,ANN_Scratch_v1
2026-08-21 12:57:25,3,0.6447,88.5593,5.67,ANN_Scratch_v1
2026-08-21 12:57:27,8,0.53,81.4611,0.0,ANN_Scratch_v1
2026-08-21 12:57:29,0,0.3138,91.3871,0.0,ANN_Scratch_v1
2026-08-21 12:57:31,5,0.2507,73.1511,1.34,ANN_Scratch_v1
2026-08-21 12:57:33,9,0.3392,72.9617,1.36,ANN_Scratch_v1
2026-08-21 12:57:35,8,0.6699,74.5657,0.0,ANN_Scratch_v1
2026-08-21 12:57:37,8,0.8279,86.7564,0.0,ANN_Scratch_v1
2026-08-21 12:57:40,3,0.8226,76.8316,2.03,ANN_Scratch_v1
2026-08-21 12:57:42,8,0.2819,68.2506,1.17,ANN_Scratch_v1
2026-08-21 12:57:44,3,0.7727,84.2124,0.0,ANN_Scratch_v1
2026-08-21 12:57:46,0,0.7224,94.801,2.21,ANN_Scratch_v1
2026-08-21 12:57:48,8,0.5103,74.4579,1.44,ANN_Scratch_v1
2026-08-21 12:57:50,9,0.3741,73.2519,0.0,ANN_Scratch_v1
2026-08-21 12:57:52,8,0.8216,75.8922,0.0,ANN_Scratch_v1
2026-08-21 12:57:54,8,0.6699,79.2704,0.0,ANN_Scratch_v1
2026-08-21 12:57:56,9,0.3029,68.3425,0.0,ANN_Scratch_v1
2026-08-21 12:57:58,3,0.5653,73.9279,0.0,ANN_Scratch_v1
2026-08-21 12:58:00,5,0.8074,78.4809,0.0,ANN_Scratch_v1
2026-08-21 12:58:02,2,0.9034,77.6122,2.03,ANN_Scratch_v1
2026-08-21 12:58:04,3,0.7755,83.1339,0.0,ANN_Scratch_v1
2026-08-21 12:58:06,8,0.277,72.824,0.0,ANN_Scratch_v1
2026-08-21 12:58:09,2,0.808,77.7736,0.92,ANN_Scratch_v1
2026-08-21 12:58:11,9,0.3702,67.9286,5.14,ANN_Scratch_v1
2026-08-21 12:58:13,8,0.2602,72.1193,0.0,ANN_Scratch_v1
2026-08-21 12:58:15,8,0.7345,79.3967,0.0,ANN_Scratch_v1
2026-08-21 12:58:17,8,0.3464,82.7551,1.06,ANN_Scratch_v1
2026-08-21 12:58:19,8,0.6354,81.463,2.26,ANN_Scratch_v1
2026-08-21 12:58:21,8,0.4524,67.4101,4.94,ANN_Scratch_v1
2026-08-21 12:58:23,8,0.3317,76.7149,0.0,ANN_Scratch_v1
2026-08-21 12:58:25,8,0.2954,69.2066,0.0,ANN_Scratch_v1
2026-08-21 12:58:27,5,0.3863,81.0134,0.0,ANN_Scratch_v1
2026-08-21 12:58:29,8,0.8192,72.4955,0.0,ANN_Scratch_v1
2026-08-21 12:58:31,2,0.9385,77.2443,0.0,ANN_Scratch_v1
2026-08-21 12:58:33,9,0.3646,70.2009,1.06,ANN_Scratch_v1
2026-08-21 12:58:35,3,0.8178,78.9936,0.0,ANN_Scratch_v1
2026-08-21 12:58:38,8,0.369,78.868,0.0,ANN_Scratch_v1
2026-08-21 12:58:40,8,0.2906,86.493,0.0,ANN_Scratch_v1
2026-08-21 12:58:42,8,0.3252,83.2111,0.52,ANN_Scratch_v1
2026-08-21 12:58:44,5,0.8821,78.5466,0.0,ANN_Scratch_v1
2026-08-21 12:58:46,8,0.3001,83.324,0.0,ANN_Scratch_v1
2026-08-21 12:58:48,3,0.3128,70.1575,6.03,ANN_Scratch_v1
2026-08-21 12:58:50,8,0.5834,88.7806,2.34,ANN_Scratch_v1
2026-08-21 12:58:52,9,0.2074,75.7704,0.0,ANN_Scratch_v1
2026-08-21 12:58:54,0,0.3221,74.5255,0.0,ANN_Scratch_v1
2026-08-21 12:58:56,3,0.6839,83.2481,4.89,ANN_Scratch_v1
2026-08-21 12:58:58,8,0.3599,69.4879,0.0,ANN_Scratch_v1
2026-08-21 12:59:00,9,0.3606,67.9719,0.0,ANN_Scratch_v1
2026-08-21 12:59:02,8,0.2836,74.3476,0.0,ANN_Scratch_v1
2026-08-21 12:59:04,8,0.4311,85.3489,0.0,ANN_Scratch_v1
2026-08-21 12:59:07,8,0.6334,74.7653,2.03,ANN_Scratch_v1
2026-08-21 12:59:09,3,0.4219,81.4643,0.0,ANN_Scratch_v1
2026-08-23 15:11:12,1,0.9999,33.1875,82.97,ANN_Scratch_v1
2026-08-23 15:11:16,1,1.0,12.4923,2.01,ANN_Scratch_v1
2026-08-23 15:11:20,4,1.0,35.9413,0.0,ANN_Scratch_v1
2026-08-23 15:11:24,1,0.998,11.7181,0.0,ANN_Scratch_v1
2026-08-23 15:11:28,8,0.9958,50.8559,1.77,ANN_Scratch_v1
2026-08-23 15:11:32,7,1.0,34.4018,2.02,ANN_Scratch_v1
2026-08-23 15:11:36,3,1.0,39.4337,2.05,ANN_Scratch_v1
2026-08-23 15:11:40,1,1.0,14.9809,0.0,ANN_Scratch_v1
2026-08-23 15:11:44,2,1.0,38.6314,1.61,ANN_Scratch_v1
2026-08-23 15:11:48,4,1.0,32.0064,1.99,ANN_Scratch_v1
2026-08-23 15:11:52,6,1.0,18.6824,2.9,ANN_Scratch_v1
2026-08-23 15:11:57,9,0.9998,26.9949,0.0,ANN_Scratch_v1
2026-08-23 15:12:01,3,1.0,24.9554,0.0,ANN_Scratch_v1
2026-08-23 15:12:05,4,0.9999,33.7041,0.0,ANN_Scratch_v1
2026-08-23 15:12:09,2,1.0,25.9069,0.0,ANN_Scratch_v1
2026-08-23 15:12:13,7,1.0,23.7742,0.0,ANN_Scratch_v1
2026-08-23 15:12:17,1,1.0,25.8929,1.52,ANN_Scratch_v1
2026-08-23 15:12:21,8,1.0,29.8916,0.0,ANN_Scratch_v1
2026-08-23 15:12:25,2,1.0,40.3125,0.0,ANN_Scratch_v1
2026-08-23 15:12:29,2,1.0,37.0753,1.42,ANN_Scratch_v1
2026-08-23 15:12:33,4,1.0,50.1084,1.89,ANN_Scratch_v1
2026-08-23 15:12:37,6,1.0,37.4541,2.1,ANN_Scratch_v1
2026-08-23 15:12:42,6,0.9997,29.6263,0.0,ANN_Scratch_v1
2026-08-23 15:12:46,2,1.0,48.4005,0.0,ANN_Scratch_v1
2026-08-23 15:12:50,0,1.0,37.2372,0.0,ANN_Scratch_v1
2026-08-23 15:12:54,2,1.0,34.7551,0.0,ANN_Scratch_v1
2026-08-23 15:12:58,0,1.0,31.6862,1.03,ANN_Scratch_v1
2026-08-23 15:13:02,5,1.0,38.1467,0.0,ANN_Scratch_v1
2026-08-23 15:13:06,6,1.0,40.6786,1.12,ANN_Scratch_v1
2026-08-23 15:13:10,2,1.0,47.1263,0.0,ANN_Scratch_v1
2026-08-23 15:13:14,1,1.0,13.6811,0.0,ANN_Scratch_v1
2026-08-23 15:13:18,8,0.9091,20.8355,0.0,ANN_Scratch_v1
2026-08-23 15:13:22,6,1.0,42.8265,0.0,ANN_Scratch_v1
2026-08-23 15:13:27,1,1.0,31.5931,0.0,ANN_Scratch_v1
2026-08-23 15:13:31,9,1.0,28.6454,0.0,ANN_Scratch_v1
2026-08-23 15:13:35,8,1.0,30.9694,0.0,ANN_Scratch_v1
2026-08-23 15:13:39,0,0.9959,24.1824,1.12,ANN_Scratch_v1
2026-08-23 15:13:43,8,0.9952,52.2857,0.0,ANN_Scratch_v1
2026-08-23 15:13:47,4,1.0,27.0485,0.0,ANN_Scratch_v1
2026-08-23 15:13:51,6,1.0,38.6339,0.0,ANN_Scratch_v1
2026-08-23 15:13:55,2,1.0,27.463,0.0,ANN_Scratch_v1
2026-08-23 15:13:59,2,1.0,40.3355,0.0,ANN_Scratch_v1
2026-08-23 15:14:03,8,1.0,40.3712,0.0,ANN_Scratch_v1
2026-08-23 15:14:07,6,1.0,43.949,0.0,ANN_Scratch_v1
2026-08-23 15:14:11,7,1.0,31.8036,0.0,ANN_Scratch_v1
2026-08-23 15:14:16,2,1.0,42.477,0.0,ANN_Scratch_v1
2026-08-23 15:14:20,6,1.0,47.4145,1.37,ANN_Scratch_v1
2026-08-23 15:14:24,4,1.0,38.5536,1.01,ANN_Scratch_v1
2026-08-23 15:14:28,1,1.0,19.5051,0.0,ANN_Scratch_v1
2026-08-23 15:14:32,1,1.0,11.7398,0.0,ANN_Scratch_v1
2026-08-23 15:14:36,1,0.9989,16.1352,1.53,ANN_Scratch_v1
2026-08-23 15:14:40,4,1.0,27.9247,1.11,ANN_Scratch_v1
2026-08-23 15:14:44,7,1.0,32.7526,0.0,ANN_Scratch_v1
2026-08-23 15:14:48,2,1.0,44.0638,1.79,ANN_Scratch_v1
2026-08-23 15:14:52,9,0.9917,23.9694,0.0,ANN_Scratch_v1
2026-08-23 15:14:56,1,1.0,20.3686,0.0,ANN_Scratch_v1
2026-08-23 15:15:01,5,1.0,35.852,0.0,ANN_Scratch_v1
2026-08-23 15:15:05,0,1.0,26.5587,2.28,ANN_Scratch_v1
2026-08-23 15:15:09,1,1.0,23.6084,0.0,ANN_Scratch_v1
2026-08-23 15:15:13,0,1.0,42.0855,1.0,ANN_Scratch_v1
2026-08-23 15:15:17,8,0.9887,27.889,0.0,ANN_Scratch_v1
2026-08-23 15:15:21,8,1.0,25.5536,2.06,ANN_Scratch_v1
2026-08-23 15:15:25,3,1.0,24.6735,0.0,ANN_Scratch_v1
2026-08-23 15:15:29,6,1.0,53.7768,0.0,ANN_Scratch_v1
2026-08-23 15:15:33,7,1.0,23.2347,0.59,ANN_Scratch_v1
2026-08-23 15:15:37,2,1.0,36.8087,0.0,ANN_Scratch_v1
2026-08-23 15:15:41,5,1.0,30.8916,0.0,ANN_Scratch_v1
2026-08-23 15:15:45,2,1.0,38.9758,1.0,ANN_Scratch_v1
2026-08-23 15:15:50,5,1.0,30.9273,1.03,ANN_Scratch_v1
2026-08-23 15:15:54,7,1.0,28.0906,0.98,ANN_Scratch_v1
2026-08-23 15:15:58,2,1.0,30.7245,1.01,ANN_Scratch_v1
2026-08-23 15:16:02,2,1.0,64.3597,1.0,ANN_Scratch_v1
2026-08-23 15:16:06,4,0.9961,26.8724,1.03,ANN_Scratch_v1
2026-08-23 15:16:10,2,1.0,29.6582,1.12,ANN_Scratch_v1
2026-08-23 15:16:14,2,1.0,45.1263,2.03,ANN_Scratch_v1
2026-08-23 15:16:18,9,0.999,39.8571,0.55,ANN_Scratch_v1
2026-08-23 15:16:22,8,1.0,29.324,0.0,ANN_Scratch_v1
2026-08-23 15:16:26,1,1.0,16.412,0.0,ANN_Scratch_v1
2026-08-23 15:16:30,1,1.0,19.0434,0.0,ANN_Scratch_v1
2026-08-23 15:16:34,9,1.0,28.5344,0.0,ANN_Scratch_v1
2026-08-23 15:16:38,6,1.0,19.3202,0.94,ANN_Scratch_v1
2026-08-23 15:16:42,5,0.9995,25.8776,1.07,ANN_Scratch_v1
2026-08-23 15:16:46,8,1.0,34.514,1.66,ANN_Scratch_v1
2026-08-23 15:16:50,0,1.0,40.5179,1.5,ANN_Scratch_v1
2026-08-23 15:16:55,3,1.0,33.6084,1.0,ANN_Scratch_v1
2026-08-23 15:16:59,1,1.0,14.8776,1.63,ANN_Scratch_v1
2026-08-23 15:17:03,1,1.0,16.3329,1.01,ANN_Scratch_v1
2026-08-23 15:17:07,1,1.0,30.4477,1.02,ANN_Scratch_v1
2026-08-23 15:17:11,4,1.0,28.176,1.67,ANN_Scratch_v1
2026-08-23 15:17:15,2,0.766,46.5077,0.0,ANN_Scratch_v1
2026-08-23 15:17:19,7,1.0,34.8138,0.99,ANN_Scratch_v1
2026-08-23 15:17:23,3,1.0,43.2168,2.0,ANN_Scratch_v1
2026-08-23 15:17:27,4,1.0,16.5089,1.03,ANN_Scratch_v1
2026-08-23 15:17:31,7,1.0,28.7117,1.01,ANN_Scratch_v1
2026-08-23 15:17:35,7,0.9983,21.4362,1.97,ANN_Scratch_v1
2026-08-23 15:17:39,1,1.0,23.9834,0.51,ANN_Scratch_v1
2026-08-23 15:17:43,3,1.0,43.4554,1.09,ANN_Scratch_v1
2026-08-23 15:17:47,2,1.0,47.7564,1.02,ANN_Scratch_v1
2026-08-23 15:17:52,1,1.0,12.5026,1.68,ANN_Scratch_v1
2026-08-23 15:17:56,6,1.0,24.8673,1.02,ANN_Scratch_v1
2026-08-23 15:18:00,3,1.0,48.5115,0.0,ANN_Scratch_v1
2026-08-23 15:18:04,1,1.0,20.5957,1.04,ANN_Scratch_v1
2026-08-23 15:18:08,6,1.0,28.4477,0.99,ANN_Scratch_v1
2026-08-23 15:18:12,3,1.0,49.4758,1.98,ANN_Scratch_v1
2026-08-23 15:18:16,7,1.0,20.1237,1.02,ANN_Scratch_v1
2026-08-23 15:18:20,1,1.0,10.0906,0.0,ANN_Scratch_v1
2026-08-23 15:18:24,1,1.0,28.8329,0.0,ANN_Scratch_v1
2026-08-23 15:18:28,6,0.9999,24.2895,1.05,ANN_Scratch_v1
2026-08-23 15:18:32,6,1.0,28.9987,1.62,ANN_Scratch_v1
2026-08-23 15:18:36,2,1.0,41.2934,0.99,ANN_Scratch_v1
2026-08-23 15:18:40,8,0.9967,28.0918,1.16,ANN_Scratch_v1
2026-08-23 15:18:45,6,1.0,23.8673,0.96,ANN_Scratch_v1
2026-08-23 15:18:49,3,1.0,53.0918,0.93,ANN_Scratch_v1
2026-08-23 15:18:53,2,1.0,35.2321,0.0,ANN_Scratch_v1
2026-08-23 15:18:57,6,1.0,43.0587,1.0,ANN_Scratch_v1
2026-08-23 15:19:01,8,1.0,36.3099,1.07,ANN_Scratch_v1
2026-08-23 15:19:05,8,0.9993,60.736,0.0,ANN_Scratch_v1
2026-08-23 15:19:09,9,1.0,37.4707,1.09,ANN_Scratch_v1
2026-08-23 15:19:13,3,1.0,35.074,1.34,ANN_Scratch_v1
2026-08-23 15:19:17,3,1.0,27.8329,1.23,ANN_Scratch_v1
2026-08-23 15:19:21,8,1.0,31.9656,0.98,ANN_Scratch_v1
2026-08-23 15:19:25,3,1.0,40.7168,1.06,ANN_Scratch_v1
2026-08-23 15:19:30,2,1.0,45.1531,1.01,ANN_Scratch_v1
2026-08-23 15:19:34,9,1.0,21.8265,0.92,ANN_Scratch_v1
2026-08-23 15:19:38,5,1.0,41.3482,1.11,ANN_Scratch_v1
2026-08-23 15:19:42,0,1.0,63.7793,2.61,ANN_Scratch_v1
2026-08-23 15:19:46,3,1.0,37.5038,0.0,ANN_Scratch_v1
2026-08-23 15:19:50,8,0.9999,25.2615,1.17,ANN_Scratch_v1
2026-08-23 15:19:54,7,1.0,24.2296,1.68,ANN_Scratch_v1
2026-08-23 15:19:58,5,1.0,30.773,0.99,ANN_Scratch_v1
2026-08-23 15:20:02,7,1.0,23.5982,0.96,ANN_Scratch_v1
2026-08-23 15:20:06,5,1.0,32.0255,1.43,ANN_Scratch_v1
2026-08-23 15:20:10,2,1.0,33.4885,0.99,ANN_Scratch_v1
2026-08-23 15:20:14,1,0.5631,21.0485,0.4,ANN_Scratch_v1
2026-08-23 15:20:18,6,1.0,27.4503,1.7,ANN_Scratch_v1
2026-08-23 15:20:23,3,1.0,45.2194,0.98,ANN_Scratch_v1
2026-08-23 15:20:27,6,1.0,42.7908,1.0,ANN_Scratch_v1
2026-08-23 15:20:31,6,1.0,66.6046,1.05,ANN_Scratch_v1
2026-08-23 15:20:35,8,0.9998,27.4872,0.0,ANN_Scratch_v1
2026-08-23 15:20:39,5,1.0,24.926,1.72,ANN_Scratch_v1
2026-08-23 15:20:43,5,1.0,24.3393,2.7,ANN_Scratch_v1
2026-08-23 15:20:47,7,0.9999,30.5969,1.59,ANN_Scratch_v1
2026-08-23 15:20:51,6,1.0,32.1824,0.93,ANN_Scratch_v1
2026-08-23 15:20:55,0,1.0,45.0957,1.05,ANN_Scratch_v1
2026-08-23 15:20:59,2,0.9994,28.2513,1.29,ANN_Scratch_v1
2026-08-23 15:21:03,5,1.0,21.3469,1.24,ANN_Scratch_v1
2026-08-23 15:21:07,1,1.0,31.051,2.54,ANN_Scratch_v1
2026-08-23 15:21:11,2,1.0,34.0612,2.09,ANN_Scratch_v1
2026-08-23 15:21:15,6,1.0,50.0931,0.99,ANN_Scratch_v1
2026-08-23 15:21:20,0,1.0,27.8916,1.03,ANN_Scratch_v1
2026-08-23 15:21:24,6,1.0,40.4949,0.0,ANN_Scratch_v1
2026-08-23 15:21:28,2,1.0,33.9005,10.66,ANN_Scratch_v1
2026-08-23 15:21:32,5,0.994,12.9247,0.93,ANN_Scratch_v1
2026-08-23 15:21:36,7,0.9998,20.301,1.41,ANN_Scratch_v1
2026-08-23 15:21:40,5,1.0,55.0957,0.96,ANN_Scratch_v1
2026-08-23 15:21:44,7,0.9995,38.7462,1.03,ANN_Scratch_v1
2026-08-23 15:21:48,9,1.0,31.8903,1.06,ANN_Scratch_v1
2026-08-23 15:21:52,3,1.0,29.199,2.41,ANN_Scratch_v1
2026-08-23 15:21:56,4,1.0,35.7411,1.02,ANN_Scratch_v1
2026-08-23 15:22:00,4,1.0,33.875,0.0,ANN_Scratch_v1
2026-08-23 15:22:04,5,0.9993,43.4286,1.0,ANN_Scratch_v1
2026-08-23 15:22:09,8,0.9999,45.0102,0.96,ANN_Scratch_v1
2026-08-23 15:22:13,8,1.0,28.1416,1.31,ANN_Scratch_v1
2026-08-23 15:22:17,6,1.0,22.2003,1.04,ANN_Scratch_v1
2026-08-23 15:22:21,6,1.0,22.6314,1.0,ANN_Scratch_v1
2026-08-23 15:22:25,6,1.0,36.8023,1.59,ANN_Scratch_v1
2026-08-23 15:22:29,2,1.0,38.5166,2.1,ANN_Scratch_v1
2026-08-23 15:22:33,2,1.0,33.1901,1.01,ANN_Scratch_v1
2026-08-23 15:22:37,1,1.0,27.0918,1.0,ANN_Scratch_v1
2026-08-23 15:22:41,1,1.0,18.5944,1.18,ANN_Scratch_v1
2026-08-23 15:22:45,4,1.0,28.6365,0.0,ANN_Scratch_v1
2026-08-23 15:22:49,7,1.0,33.4758,3.33,ANN_Scratch_v1
2026-08-23 15:22:53,9,0.9995,23.2997,0.49,ANN_Scratch_v1
2026-08-23 15:22:57,5,1.0,31.8112,6.17,ANN_Scratch_v1
2026-08-23 15:23:01,8,0.996,60.0765,0.5,ANN_Scratch_v1
2026-08-23 15:23:06,4,1.0,15.5306,0.94,ANN_Scratch_v1
2026-08-23 15:23:10,1,1.0,12.2283,4.03,ANN_Scratch_v1
2026-08-23 15:23:14,5,1.0,26.7015,1.98,ANN_Scratch_v1
2026-08-23 15:23:18,1,1.0,16.301,0.99,ANN_Scratch_v1
2026-08-23 15:23:22,4,1.0,49.1301,1.39,ANN_Scratch_v1
2026-08-23 15:23:26,3,1.0,34.1569,1.0,ANN_Scratch_v1
2026-08-23 15:23:30,8,1.0,32.7883,1.0,ANN_Scratch_v1
2026-08-23 15:23:34,0,1.0,42.2092,0.0,ANN_Scratch_v1
2026-08-23 15:23:38,7,1.0,30.1237,0.98,ANN_Scratch_v1
2026-08-23 15:23:42,0,1.0,37.5268,1.7,ANN_Scratch_v1
2026-08-23 15:23:46,8,1.0,29.7615,2.8,ANN_Scratch_v1
2026-08-23 15:23:50,1,1.0,27.3814,10.73,ANN_Scratch_v1
2026-08-23 15:23:55,2,1.0,50.5957,1.08,ANN_Scratch_v1
2026-08-23 15:23:59,3,1.0,28.9872,0.93,ANN_Scratch_v1
2026-08-23 15:24:03,7,0.9994,12.9694,5.11,ANN_Scratch_v1
2026-08-23 15:24:07,7,1.0,27.7589,0.84,ANN_Scratch_v1
2026-08-23 15:24:11,5,1.0,30.7207,1.53,ANN_Scratch_v1
2026-08-23 15:24:15,2,1.0,36.6454,0.0,ANN_Scratch_v1
2026-08-23 15:24:19,3,1.0,36.0383,0.56,ANN_Scratch_v1
2026-08-23 15:24:23,5,1.0,38.1352,1.08,ANN_Scratch_v1
2026-08-23 15:24:27,5,1.0,32.2015,1.6,ANN_Scratch_v1
2026-08-23 15:24:31,2,1.0,34.2436,0.0,ANN_Scratch_v1
2026-08-23 15:24:35,0,1.0,48.8992,0.93,ANN_Scratch_v1
2026-08-23 15:24:39,0,1.0,64.8291,0.0,ANN_Scratch_v1
2026-08-23 15:24:43,0,1.0,34.2959,5.85,ANN_Scratch_v1
2026-08-23 15:24:48,3,1.0,44.1747,0.94,ANN_Scratch_v1
2026-08-23 15:24:52,0,1.0,30.3597,1.0,ANN_Scratch_v1
2026-08-23 15:24:56,7,0.9975,33.6059,1.0,ANN_Scratch_v1
2026-08-23 15:25:00,5,1.0,29.9732,0.0,ANN_Scratch_v1
2026-08-23 15:25:04,1,1.0,21.6582,1.01,ANN_Scratch_v1
2026-08-23 15:25:08,9,0.9965,33.1696,0.0,ANN_Scratch_v1
2026-08-23 15:25:12,4,1.0,22.9605,0.98,ANN_Scratch_v1
2026-08-23 15:25:16,1,1.0,20.0013,4.57,ANN_Scratch_v1
2026-08-23 15:25:20,1,1.0,15.0,0.97,ANN_Scratch_v1
2026-08-23 15:25:24,4,1.0,39.2934,0.53,ANN_Scratch_v1
2026-08-23 15:25:28,1,1.0,13.838,0.0,ANN_Scratch_v1
2026-08-23 15:25:32,5,1.0,25.1633,0.89,ANN_Scratch_v1
2026-08-23 15:25:36,6,1.0,19.2819,1.54,ANN_Scratch_v1
2026-08-23 15:25:41,3,1.0,47.2462,1.09,ANN_Scratch_v1
2026-08-23 15:25:45,1,1.0,21.0217,0.0,ANN_Scratch_v1
2026-08-23 15:25:49,9,1.0,26.8648,1.0,ANN_Scratch_v1
2026-08-23 15:25:53,4,1.0,32.3125,1.06,ANN_Scratch_v1
2026-08-23 15:25:57,6,1.0,31.7806,1.13,ANN_Scratch_v1
2026-08-23 15:26:01,3,1.0,40.4439,1.11,ANN_Scratch_v1
2026-08-23 15:26:05,2,1.0,35.4949,1.54,ANN_Scratch_v1
2026-08-23 15:26:09,1,1.0,13.537,1.01,ANN_Scratch_v1
2026-08-23 15:26:13,1,1.0,21.4974,1.28,ANN_Scratch_v1
2026-08-23 15:26:17,5,1.0,38.7423,1.0,ANN_Scratch_v1
2026-08-23 15:26:21,9,1.0,33.0038,2.03,ANN_Scratch_v1
2026-08-23 15:26:25,2,1.0,50.9401,0.45,ANN_Scratch_v1
2026-08-23 15:26:29,8,1.0,29.889,0.96,ANN_Scratch_v1
2026-08-23 15:26:33,2,1.0,29.9821,1.09,ANN_Scratch_v1
2026-08-23 15:26:38,1,1.0,13.2959,0.0,ANN_Scratch_v1
2026-08-23 15:26:42,4,1.0,31.9426,0.99,ANN_Scratch_v1
2026-08-23 15:26:46,6,1.0,27.7156,1.56,ANN_Scratch_v1
2026-08-23 15:26:50,4,1.0,27.5383,0.46,ANN_Scratch_v1
2026-08-23 15:26:54,5,1.0,23.9503,1.8,ANN_Scratch_v1
2026-08-23 15:26:58,8,1.0,44.4158,1.18,ANN_Scratch_v1
2026-08-23 15:27:02,3,1.0,28.8865,0.75,ANN_Scratch_v1
2026-08-23 15:27:06,2,1.0,39.2092,1.06,ANN_Scratch_v1
2026-08-23 15:27:10,0,1.0,51.2423,0.7,ANN_Scratch_v1
2026-08-23 15:27:14,2,1.0,53.9566,0.57,ANN_Scratch_v1
2026-08-23 15:27:18,3,1.0,28.7372,0.99,ANN_Scratch_v1
2026-08-23 15:27:22,7,1.0,22.3788,0.93,ANN_Scratch_v1
2026-08-23 15:27:26,6,1.0,28.051,6.02,ANN_Scratch_v1
2026-08-23 15:27:31,1,1.0,19.1365,0.56,ANN_Scratch_v1
2026-08-23 15:27:35,5,1.0,39.6811,1.01,ANN_Scratch_v1
2026-08-23 15:27:39,7,1.0,34.2245,0.0,ANN_Scratch_v1
2026-08-23 15:27:43,4,1.0,28.4541,1.04,ANN_Scratch_v1
2026-08-23 15:27:47,7,1.0,23.2819,1.27,ANN_Scratch_v1
2026-08-23 15:27:51,8,0.9966,74.1735,1.41,ANN_Scratch_v1
2026-08-23 15:27:55,4,1.0,27.1888,1.01,ANN_Scratch_v1
2026-08-23 15:27:59,9,1.0,24.4286,0.99,ANN_Scratch_v1
2026-08-23 15:28:03,4,1.0,28.9885,1.98,ANN_Scratch_v1
2026-08-23 15:28:07,3,1.0,57.1186,1.05,ANN_Scratch_v1
2026-08-23 15:28:11,6,1.0,42.9222,1.37,ANN_Scratch_v1
2026-08-23 15:28:15,7,1.0,62.7742,1.16,ANN_Scratch_v1
2026-08-23 15:28:20,9,0.9949,26.3023,0.93,ANN_Scratch_v1
2026-08-23 15:28:24,6,1.0,25.9235,1.08,ANN_Scratch_v1
2026-08-23 15:28:28,9,1.0,29.1314,0.96,ANN_Scratch_v1
2026-08-23 15:28:32,8,1.0,53.5128,1.06,ANN_Scratch_v1
2026-08-23 15:28:36,3,1.0,33.6633,1.0,ANN_Scratch_v1
2026-08-23 15:28:40,7,1.0,16.5013,1.35,ANN_Scratch_v1
2026-08-23 15:28:44,3,0.9981,48.4247,0.99,ANN_Scratch_v1
2026-08-23 15:28:48,0,1.0,69.602,1.38,ANN_Scratch_v1
2026-08-23 15:28:52,4,1.0,28.9158,6.75,ANN_Scratch_v1
2026-08-23 15:28:56,7,1.0,26.5038,0.93,ANN_Scratch_v1
2026-08-23 15:29:00,8,1.0,31.7844,2.01,ANN_Scratch_v1
2026-08-23 15:29:05,4,1.0,38.5408,1.28,ANN_Scratch_v1
2026-08-23 15:29:09,9,0.9847,16.6849,1.2,ANN_Scratch_v1
2026-08-23 15:29:13,3,1.0,27.8559,7.73,ANN_Scratch_v1
2026-08-23 15:29:17,5,1.0,36.9617,1.0,ANN_Scratch_v1
2026-08-23 15:29:21,2,1.0,35.2245,2.66,ANN_Scratch_v1
2026-08-23 15:29:25,3,1.0,46.2679,1.02,ANN_Scratch_v1
2026-08-23 15:29:29,9,1.0,25.648,1.03,ANN_Scratch_v1
2026-08-23 15:29:33,2,1.0,35.5472,0.0,ANN_Scratch_v1
2026-08-23 15:29:37,1,1.0,15.8571,1.53,ANN_Scratch_v1
2026-08-23 15:29:41,7,1.0,24.2385,1.26,ANN_Scratch_v1
2026-08-23 15:29:45,8,1.0,38.7934,6.04,ANN_Scratch_v1
2026-08-23 15:29:49,8,1.0,45.5102,1.04,ANN_Scratch_v1
2026-08-23 15:29:53,6,0.9253,42.926,1.04,ANN_Scratch_v1
2026-08-23 15:29:58,1,1.0,14.8202,1.0,ANN_Scratch_v1
2026-08-23 15:30:02,7,1.0,33.4298,0.84,ANN_Scratch_v1
2026-08-23 15:30:06,1,1.0,18.4133,0.86,ANN_Scratch_v1
2026-08-23 15:30:10,0,1.0,42.0268,1.13,ANN_Scratch_v1
2026-08-23 15:30:14,2,1.0,24.9911,3.23,ANN_Scratch_v1
2026-08-23 15:30:18,2,1.0,34.4885,1.07,ANN_Scratch_v1
2026-08-23 15:30:22,1,1.0,20.4018,0.0,ANN_Scratch_v1
2026-08-23 15:30:26,3,1.0,37.9872,1.31,ANN_Scratch_v1
2026-08-23 15:30:30,8,0.9998,37.736,2.71,ANN_Scratch_v1
2026-08-23 15:30:34,0,1.0,52.986,1.0,ANN_Scratch_v1
2026-08-23 15:30:38,8,0.9999,46.4222,0.99,ANN_Scratch_v1
2026-08-23 15:30:42,5,1.0,37.0931,1.0,ANN_Scratch_v1
2026-08-23 15:30:46,9,0.9885,46.648,1.53,ANN_Scratch_v1
2026-08-23 15:30:51,7,1.0,20.3151,5.03,ANN_Scratch_v1
2026-08-23 15:30:55,4,1.0,57.5612,1.0,ANN_Scratch_v1
2026-08-23 15:30:59,0,1.0,31.5408,0.94,ANN_Scratch_v1
2026-08-23 15:31:03,0,1.0,29.051,2.06,ANN_Scratch_v1
2026-08-23 15:31:07,3,0.9998,46.4962,1.16,ANN_Scratch_v1
2026-08-23 15:31:11,1,1.0,18.9758,1.21,ANN_Scratch_v1
2026-08-23 15:31:15,1,1.0,15.9439,1.87,ANN_Scratch_v1
2026-08-23 15:31:19,3,1.0,28.6952,4.04,ANN_Scratch_v1
2026-08-23 15:31:23,4,1.0,50.6977,1.74,ANN_Scratch_v1
2026-08-23 15:31:27,4,1.0,29.5306,1.35,ANN_Scratch_v1
2026-08-23 15:31:31,3,1.0,42.9286,1.0,ANN_Scratch_v1
2026-08-23 15:31:36,1,0.7476,45.9647,0.0,ANN_Scratch_v1
2026-08-23 15:31:40,1,0.823,27.8624,1.05,ANN_Scratch_v1
2026-08-23 15:31:44,4,0.9941,47.9991,0.94,ANN_Scratch_v1
2026-08-23 15:31:48,8,0.7298,26.2702,1.04,ANN_Scratch_v1
2026-08-23 15:31:52,8,0.5641,59.4172,1.08,ANN_Scratch_v1
2026-08-23 15:31:56,7,1.0,47.6334,1.33,ANN_Scratch_v1
2026-08-23 15:32:00,3,1.0,50.9375,1.71,ANN_Scratch_v1
2026-08-23 15:32:04,1,0.3737,27.1894,0.0,ANN_Scratch_v1
2026-08-23 15:32:08,2,1.0,48.7318,0.62,ANN_Scratch_v1
2026-08-23 15:32:12,4,1.0,43.8937,1.03,ANN_Scratch_v1
2026-08-23 15:32:16,8,0.8339,33.6449,3.42,ANN_Scratch_v1
2026-08-23 15:32:21,9,0.7565,40.7344,2.6,ANN_Scratch_v1
2026-08-23 15:32:25,3,1.0,37.3774,0.97,ANN_Scratch_v1
2026-08-23 15:32:29,4,0.4113,45.6833,0.76,ANN_Scratch_v1
2026-08-23 15:32:33,2,1.0,39.2237,1.02,ANN_Scratch_v1
2026-08-23 15:32:37,7,0.9999,38.1888,1.0,ANN_Scratch_v1
2026-08-23 15:32:41,1,0.9988,35.7429,1.02,ANN_Scratch_v1
2026-08-23 15:32:45,8,0.9859,42.8274,1.06,ANN_Scratch_v1
2026-08-23 15:32:49,2,1.0,50.9014,1.08,ANN_Scratch_v1
2026-08-23 15:32:53,2,1.0,50.5401,0.0,ANN_Scratch_v1
2026-08-23 15:32:57,4,0.9999,58.7584,1.2,ANN_Scratch_v1
2026-08-23 15:33:01,6,0.9695,48.391,4.03,ANN_Scratch_v1
2026-08-23 15:33:06,4,0.4728,42.8066,1.2,ANN_Scratch_v1
2026-08-23 15:33:10,2,1.0,58.6343,1.02,ANN_Scratch_v1
2026-08-23 15:33:14,0,0.9925,48.6216,0.0,ANN_Scratch_v1
2026-08-23 15:33:18,2,1.0,46.1853,0.0,ANN_Scratch_v1
2026-08-23 15:33:22,0,1.0,41.9243,0.0,ANN_Scratch_v1
2026-08-23 15:33:26,5,1.0,50.3706,1.33,ANN_Scratch_v1
2026-08-23 15:33:30,6,1.0,52.1645,0.0,ANN_Scratch_v1
2026-08-23 15:33:34,2,1.0,56.31,0.0,ANN_Scratch_v1
2026-08-23 15:33:38,1,0.7055,29.7199,0.0,ANN_Scratch_v1
2026-08-23 15:33:42,8,0.7726,33.9454,0.0,ANN_Scratch_v1
2026-08-23 15:33:46,6,0.7512,53.7633,10.26,ANN_Scratch_v1
2026-08-23 15:33:50,1,0.7883,44.7696,0.0,ANN_Scratch_v1
2026-08-23 15:33:54,9,0.9924,40.1707,0.98,ANN_Scratch_v1
2026-08-23 15:33:58,8,0.9983,41.4953,0.0,ANN_Scratch_v1
2026-08-23 15:34:03,0,0.5739,36.4862,1.53,ANN_Scratch_v1
2026-08-23 15:34:07,8,0.8838,60.8315,0.0,ANN_Scratch_v1
2026-08-23 15:34:11,4,1.0,39.3217,0.0,ANN_Scratch_v1
2026-08-23 15:34:15,6,1.0,51.0569,1.0,ANN_Scratch_v1
2026-08-23 15:34:19,2,0.9988,40.405,1.0,ANN_Scratch_v1
2026-08-23 15:34:23,2,1.0,51.088,5.34,ANN_Scratch_v1
2026-08-23 15:34:27,8,0.9998,52.0394,0.95,ANN_Scratch_v1
2026-08-23 15:34:31,6,1.0,54.908,0.0,ANN_Scratch_v1
2026-08-23 15:34:35,7,0.876,44.4768,0.0,ANN_Scratch_v1
2026-08-23 15:34:39,2,1.0,53.7991,0.0,ANN_Scratch_v1
2026-08-23 15:34:43,6,1.0,58.1782,7.72,ANN_Scratch_v1
2026-08-23 15:34:47,4,0.9999,50.3087,9.82,ANN_Scratch_v1
2026-08-23 15:34:52,1,1.0,32.9812,0.0,ANN_Scratch_v1
2026-08-23 15:34:56,8,0.2786,26.662,1.19,ANN_Scratch_v1
2026-08-23 15:35:00,2,0.5913,29.4364,0.0,ANN_Scratch_v1
2026-08-23 15:35:04,4,0.9992,41.2104,0.0,ANN_Scratch_v1
2026-08-23 15:35:08,3,0.7306,45.1867,1.01,ANN_Scratch_v1
2026-08-23 15:35:12,2,1.0,53.1721,0.0,ANN_Scratch_v1
2026-08-23 15:35:16,8,0.3517,38.6225,0.0,ANN_Scratch_v1
2026-08-23 15:35:20,1,1.0,33.1426,0.0,ANN_Scratch_v1
2026-08-23 15:35:24,5,1.0,49.369,0.0,ANN_Scratch_v1
2026-08-23 15:35:28,8,0.4055,39.2604,10.11,ANN_Scratch_v1
2026-08-23 15:35:32,1,0.9897,34.7869,13.89,ANN_Scratch_v1
2026-08-23 15:35:36,0,1.0,52.688,0.0,ANN_Scratch_v1
2026-08-23 15:35:41,8,0.6187,41.7859,2.14,ANN_Scratch_v1
2026-08-23 15:35:45,8,0.9946,39.143,0.0,ANN_Scratch_v1
2026-08-23 15:35:49,3,0.9977,36.258,1.09,ANN_Scratch_v1
2026-08-23 15:37:09,1,0.9999,33.1875,30.14,ANN_Scratch_v1
2026-08-23 15:37:11,1,1.0,12.4923,0.0,ANN_Scratch_v1
2026-08-23 15:37:13,4,1.0,35.9413,1.0,ANN_Scratch_v1
2026-08-23 15:37:15,1,0.998,11.7181,1.49,ANN_Scratch_v1
2026-08-23 15:37:17,8,0.9958,50.8559,0.0,ANN_Scratch_v1
2026-08-23 15:37:19,7,1.0,34.4018,1.55,ANN_Scratch_v1
2026-08-23 15:37:21,3,1.0,39.4337,1.0,ANN_Scratch_v1
2026-08-23 15:37:23,1,1.0,14.9809,0.0,ANN_Scratch_v1
2026-08-23 15:37:25,2,1.0,38.6314,0.99,ANN_Scratch_v1
2026-08-23 15:37:27,4,1.0,32.0064,1.0,ANN_Scratch_v1
2026-08-23 15:37:29,6,1.0,18.6824,2.53,ANN_Scratch_v1
2026-08-23 15:37:32,9,0.9998,26.9949,0.0,ANN_Scratch_v1
2026-08-23 15:37:34,3,1.0,24.9554,1.03,ANN_Scratch_v1
2026-08-23 15:37:36,4,0.9999,33.7041,0.0,ANN_Scratch_v1
2026-08-23 15:37:38,2,1.0,25.9069,1.05,ANN_Scratch_v1
2026-08-23 15:37:40,7,1.0,23.7742,0.0,ANN_Scratch_v1
2026-08-23 15:37:42,1,1.0,25.8929,0.58,ANN_Scratch_v1
2026-08-23 15:37:44,8,1.0,29.8916,3.49,ANN_Scratch_v1
2026-08-23 15:37:46,2,1.0,40.3125,0.0,ANN_Scratch_v1
2026-08-23 15:37:48,2,1.0,37.0753,0.0,ANN_Scratch_v1
2026-08-23 15:37:50,4,1.0,50.1084,0.0,ANN_Scratch_v1
2026-08-23 15:37:52,6,1.0,37.4541,1.02,ANN_Scratch_v1
2026-08-23 15:37:54,6,0.9997,29.6263,0.0,ANN_Scratch_v1
2026-08-23 15:37:56,2,1.0,48.4005,0.0,ANN_Scratch_v1
2026-08-23 15:37:58,0,1.0,37.2372,0.0,ANN_Scratch_v1
2026-08-23 15:38:00,2,1.0,34.7551,0.0,ANN_Scratch_v1
2026-08-23 15:38:02,0,1.0,31.6862,2.06,ANN_Scratch_v1
2026-08-23 15:38:04,5,1.0,38.1467,2.02,ANN_Scratch_v1
2026-08-23 15:38:06,6,1.0,40.6786,0.0,ANN_Scratch_v1
2026-08-23 15:38:08,2,1.0,47.1263,2.36,ANN_Scratch_v1
2026-08-23 15:38:10,1,1.0,13.6811,0.0,ANN_Scratch_v1
2026-08-23 15:38:12,8,0.9091,20.8355,1.41,ANN_Scratch_v1
2026-08-23 15:38:14,6,1.0,42.8265,1.0,ANN_Scratch_v1
2026-08-23 15:38:16,1,1.0,31.5931,0.0,ANN_Scratch_v1
2026-08-23 15:38:19,9,1.0,28.6454,0.0,ANN_Scratch_v1
2026-08-23 15:38:21,8,1.0,30.9694,1.06,ANN_Scratch_v1
2026-08-23 15:38:23,0,0.9959,24.1824,0.0,ANN_Scratch_v1
2026-08-23 15:38:25,8,0.9952,52.2857,1.0,ANN_Scratch_v1
2026-08-23 15:38:27,4,1.0,27.0485,0.0,ANN_Scratch_v1
2026-08-23 15:38:29,6,1.0,38.6339,1.04,ANN_Scratch_v1
2026-08-23 15:38:31,2,1.0,27.463,0.0,ANN_Scratch_v1
2026-08-23 15:38:33,2,1.0,40.3355,1.0,ANN_Scratch_v1
2026-08-23 15:38:35,8,1.0,40.3712,1.09,ANN_Scratch_v1
2026-08-23 15:38:37,6,1.0,43.949,0.99,ANN_Scratch_v1
2026-08-23 15:38:39,7,1.0,31.8036,0.97,ANN_Scratch_v1
2026-08-23 15:38:41,2,1.0,42.477,1.52,ANN_Scratch_v1
2026-08-23 15:38:43,6,1.0,47.4145,0.0,ANN_Scratch_v1
2026-08-23 15:38:45,4,1.0,38.5536,1.06,ANN_Scratch_v1
2026-08-23 15:38:47,1,1.0,19.5051,0.0,ANN_Scratch_v1
2026-08-23 15:38:49,1,1.0,11.7398,0.0,ANN_Scratch_v1
2026-08-23 15:38:51,1,0.9989,16.1352,1.3,ANN_Scratch_v1
2026-08-23 15:38:54,4,1.0,27.9247,5.33,ANN_Scratch_v1
2026-08-23 15:38:56,7,1.0,32.7526,1.02,ANN_Scratch_v1
2026-08-23 15:38:58,2,1.0,44.0638,1.01,ANN_Scratch_v1
2026-08-23 15:39:00,9,0.9917,23.9694,1.01,ANN_Scratch_v1
2026-08-23 15:39:02,1,1.0,20.3686,2.03,ANN_Scratch_v1
2026-08-23 15:39:04,5,1.0,35.852,2.07,ANN_Scratch_v1
2026-08-23 15:39:06,0,1.0,26.5587,4.14,ANN_Scratch_v1
2026-08-23 15:39:08,1,1.0,23.6084,0.0,ANN_Scratch_v1
2026-08-23 15:39:10,0,1.0,42.0855,5.41,ANN_Scratch_v1
2026-08-23 15:39:12,8,0.9887,27.889,3.08,ANN_Scratch_v1
2026-08-23 15:39:14,8,1.0,25.5536,1.56,ANN_Scratch_v1
2026-08-23 15:39:16,3,1.0,24.6735,3.23,ANN_Scratch_v1
2026-08-23 15:39:18,6,1.0,53.7768,1.53,ANN_Scratch_v1
2026-08-23 15:39:20,7,1.0,23.2347,4.14,ANN_Scratch_v1
2026-08-23 15:39:22,2,1.0,36.8087,9.58,ANN_Scratch_v1
2026-08-23 15:39:24,5,1.0,30.8916,5.42,ANN_Scratch_v1
2026-08-23 15:39:27,2,1.0,38.9758,0.0,ANN_Scratch_v1
2026-08-23 15:39:29,5,1.0,30.9273,2.03,ANN_Scratch_v1
2026-08-23 15:39:31,7,1.0,28.0906,0.0,ANN_Scratch_v1
2026-08-23 15:39:33,2,1.0,30.7245,0.0,ANN_Scratch_v1
2026-08-23 15:39:35,2,1.0,64.3597,0.0,ANN_Scratch_v1
2026-08-23 15:39:37,4,0.9961,26.8724,0.0,ANN_Scratch_v1
2026-08-23 15:39:39,2,1.0,29.6582,0.0,ANN_Scratch_v1
2026-08-23 15:39:41,2,1.0,45.1263,2.75,ANN_Scratch_v1
2026-08-23 15:39:43,9,0.999,39.8571,0.0,ANN_Scratch_v1
2026-08-23 15:39:45,8,1.0,29.324,0.0,ANN_Scratch_v1
2026-08-23 15:39:47,1,1.0,16.412,0.0,ANN_Scratch_v1
2026-08-23 15:39:49,1,1.0,19.0434,8.6,ANN_Scratch_v1
2026-08-23 15:39:51,9,1.0,28.5344,0.0,ANN_Scratch_v1
2026-08-23 15:39:54,6,1.0,19.3202,2.58,ANN_Scratch_v1
2026-08-23 15:39:56,5,0.9995,25.8776,0.0,ANN_Scratch_v1
2026-08-23 15:39:58,8,1.0,34.514,0.86,ANN_Scratch_v1
2026-08-23 15:40:00,0,1.0,40.5179,0.0,ANN_Scratch_v1
2026-08-23 15:40:02,3,1.0,33.6084,1.12,ANN_Scratch_v1
2026-08-23 15:40:04,1,1.0,14.8776,4.53,ANN_Scratch_v1
2026-08-23 15:40:06,1,1.0,16.3329,1.54,ANN_Scratch_v1
2026-08-23 15:40:08,1,1.0,30.4477,0.0,ANN_Scratch_v1
2026-08-23 15:40:10,4,1.0,28.176,0.0,ANN_Scratch_v1
2026-08-23 15:40:12,2,0.766,46.5077,0.51,ANN_Scratch_v1
2026-08-23 15:40:14,7,1.0,34.8138,3.53,ANN_Scratch_v1
2026-08-23 15:40:16,3,1.0,43.2168,1.0,ANN_Scratch_v1
2026-08-23 15:40:18,4,1.0,16.5089,0.0,ANN_Scratch_v1
2026-08-23 15:40:20,7,1.0,28.7117,0.95,ANN_Scratch_v1
2026-08-23 15:40:22,7,0.9983,21.4362,1.0,ANN_Scratch_v1
2026-08-23 15:40:24,1,1.0,23.9834,1.0,ANN_Scratch_v1
2026-08-23 15:40:26,3,1.0,43.4554,4.02,ANN_Scratch_v1
2026-08-23 15:40:28,2,1.0,47.7564,0.0,ANN_Scratch_v1
2026-08-23 15:40:31,1,1.0,12.5026,0.0,ANN_Scratch_v1
2026-08-23 15:40:33,6,1.0,24.8673,0.0,ANN_Scratch_v1
2026-08-23 15:40:35,3,1.0,48.5115,2.03,ANN_Scratch_v1
2026-08-23 15:40:37,1,1.0,20.5957,10.17,ANN_Scratch_v1
2026-08-23 15:40:39,6,1.0,28.4477,1.03,ANN_Scratch_v1
2026-08-23 15:40:41,3,1.0,49.4758,0.99,ANN_Scratch_v1
2026-08-23 15:40:43,7,1.0,20.1237,0.95,ANN_Scratch_v1
2026-08-23 15:40:45,1,1.0,10.0906,1.0,ANN_Scratch_v1
2026-08-23 15:40:47,1,1.0,28.8329,6.03,ANN_Scratch_v1
2026-08-23 15:40:49,6,0.9999,24.2895,0.0,ANN_Scratch_v1
2026-08-23 15:40:51,6,1.0,28.9987,0.0,ANN_Scratch_v1
2026-08-23 15:40:53,2,1.0,41.2934,0.0,ANN_Scratch_v1
2026-08-23 15:40:55,8,0.9967,28.0918,0.0,ANN_Scratch_v1
2026-08-23 15:40:57,6,1.0,23.8673,4.23,ANN_Scratch_v1
2026-08-23 15:40:59,3,1.0,53.0918,0.0,ANN_Scratch_v1
2026-08-23 15:41:01,2,1.0,35.2321,2.83,ANN_Scratch_v1
2026-08-23 15:41:04,6,1.0,43.0587,0.0,ANN_Scratch_v1
2026-08-23 15:41:06,8,1.0,36.3099,0.0,ANN_Scratch_v1
2026-08-23 15:41:08,8,0.9993,60.736,0.0,ANN_Scratch_v1
2026-08-23 15:41:10,9,1.0,37.4707,2.02,ANN_Scratch_v1
2026-08-23 15:41:12,3,1.0,35.074,11.04,ANN_Scratch_v1
2026-08-23 15:41:14,3,1.0,27.8329,0.0,ANN_Scratch_v1
2026-08-23 15:41:16,8,1.0,31.9656,0.99,ANN_Scratch_v1
2026-08-23 15:41:18,3,1.0,40.7168,0.0,ANN_Scratch_v1
2026-08-23 15:41:20,2,1.0,45.1531,0.0,ANN_Scratch_v1
2026-08-23 15:41:22,9,1.0,21.8265,0.0,ANN_Scratch_v1
2026-08-23 15:41:24,5,1.0,41.3482,0.0,ANN_Scratch_v1
2026-08-23 15:41:26,0,1.0,63.7793,0.0,ANN_Scratch_v1
2026-08-23 15:41:28,3,1.0,37.5038,4.38,ANN_Scratch_v1
2026-08-23 15:41:30,8,0.9999,25.2615,0.0,ANN_Scratch_v1
2026-08-23 15:41:32,7,1.0,24.2296,0.0,ANN_Scratch_v1
2026-08-23 15:41:34,5,1.0,30.773,0.0,ANN_Scratch_v1
2026-08-23 15:41:37,7,1.0,23.5982,0.0,ANN_Scratch_v1
2026-08-23 15:41:39,5,1.0,32.0255,2.53,ANN_Scratch_v1
2026-08-23 15:41:41,2,1.0,33.4885,0.0,ANN_Scratch_v1
2026-08-23 15:41:43,1,0.5631,21.0485,5.53,ANN_Scratch_v1
2026-08-23 15:41:45,6,1.0,27.4503,2.12,ANN_Scratch_v1
2026-08-23 15:41:47,3,1.0,45.2194,0.0,ANN_Scratch_v1
2026-08-23 15:41:49,6,1.0,42.7908,0.0,ANN_Scratch_v1
2026-08-23 15:41:51,6,1.0,66.6046,2.68,ANN_Scratch_v1
2026-08-23 15:41:53,8,0.9998,27.4872,0.0,ANN_Scratch_v1
2026-08-23 15:41:55,5,1.0,24.926,0.0,ANN_Scratch_v1
2026-08-23 15:41:57,5,1.0,24.3393,1.0,ANN_Scratch_v1
2026-08-23 15:41:59,7,0.9999,30.5969,0.0,ANN_Scratch_v1
2026-08-23 15:42:01,6,1.0,32.1824,7.17,ANN_Scratch_v1
2026-08-23 15:42:03,0,1.0,45.0957,0.0,ANN_Scratch_v1
2026-08-23 15:42:05,2,0.9994,28.2513,0.0,ANN_Scratch_v1
2026-08-23 15:42:08,5,1.0,21.3469,0.0,ANN_Scratch_v1
2026-08-23 15:42:10,1,1.0,31.051,1.58,ANN_Scratch_v1
2026-08-23 15:42:12,2,1.0,34.0612,1.03,ANN_Scratch_v1
2026-08-23 15:42:14,6,1.0,50.0931,0.0,ANN_Scratch_v1
2026-08-23 15:42:16,0,1.0,27.8916,3.97,ANN_Scratch_v1
2026-08-23 15:42:18,6,1.0,40.4949,2.02,ANN_Scratch_v1
2026-08-23 15:42:20,2,1.0,33.9005,0.0,ANN_Scratch_v1
2026-08-23 15:42:22,5,0.994,12.9247,2.11,ANN_Scratch_v1
2026-08-23 15:42:24,7,0.9998,20.301,6.4,ANN_Scratch_v1
2026-08-23 15:42:26,5,1.0,55.0957,2.03,ANN_Scratch_v1
2026-08-23 15:42:28,7,0.9995,38.7462,0.0,ANN_Scratch_v1
2026-08-23 15:42:30,9,1.0,31.8903,0.0,ANN_Scratch_v1
2026-08-23 15:42:32,3,1.0,29.199,0.0,ANN_Scratch_v1
2026-08-23 15:42:34,4,1.0,35.7411,9.55,ANN_Scratch_v1
2026-08-23 15:42:37,4,1.0,33.875,0.0,ANN_Scratch_v1
2026-08-23 15:42:39,5,0.9993,43.4286,0.0,ANN_Scratch_v1
2026-08-23 15:42:41,8,0.9999,45.0102,0.0,ANN_Scratch_v1
2026-08-23 15:42:43,8,1.0,28.1416,0.0,ANN_Scratch_v1
2026-08-23 15:42:45,6,1.0,22.2003,0.0,ANN_Scratch_v1
2026-08-23 15:42:47,6,1.0,22.6314,0.0,ANN_Scratch_v1
2026-08-23 15:42:49,6,1.0,36.8023,0.0,ANN_Scratch_v1
2026-08-23 15:42:51,2,1.0,38.5166,0.0,ANN_Scratch_v1
2026-08-23 15:42:53,2,1.0,33.1901,0.0,ANN_Scratch_v1
2026-08-23 15:42:55,1,1.0,27.0918,0.0,ANN_Scratch_v1
2026-08-23 15:42:57,1,1.0,18.5944,0.0,ANN_Scratch_v1
2026-08-23 15:42:59,4,1.0,28.6365,0.0,ANN_Scratch_v1
2026-08-23 15:43:01,7,1.0,33.4758,0.0,ANN_Scratch_v1
2026-08-23 15:43:03,9,0.9995,23.2997,0.0,ANN_Scratch_v1
2026-08-23 15:43:05,5,1.0,31.8112,0.0,ANN_Scratch_v1
2026-08-23 15:43:08,8,0.996,60.0765,2.02,ANN_Scratch_v1
2026-08-23 15:43:10,4,1.0,15.5306,0.0,ANN_Scratch_v1
2026-08-23 15:43:12,1,1.0,12.2283,1.0,ANN_Scratch_v1
2026-08-23 15:43:14,5,1.0,26.7015,1.51,ANN_Scratch_v1
2026-08-23 15:43:16,1,1.0,16.301,0.0,ANN_Scratch_v1
2026-08-23 15:43:18,4,1.0,49.1301,0.95,ANN_Scratch_v1
2026-08-23 15:43:20,3,1.0,34.1569,0.0,ANN_Scratch_v1
2026-08-23 15:43:22,8,1.0,32.7883,0.0,ANN_Scratch_v1
2026-08-23 15:43:24,0,1.0,42.2092,1.3,ANN_Scratch_v1
2026-08-23 15:43:26,7,1.0,30.1237,0.0,ANN_Scratch_v1
2026-08-23 15:43:28,0,1.0,37.5268,3.64,ANN_Scratch_v1
2026-08-23 15:43:30,8,1.0,29.7615,0.0,ANN_Scratch_v1
2026-08-23 15:43:32,1,1.0,27.3814,0.0,ANN_Scratch_v1
2026-08-23 15:43:34,2,1.0,50.5957,0.99,ANN_Scratch_v1
2026-08-23 15:43:36,3,1.0,28.9872,1.35,ANN_Scratch_v1
2026-08-23 15:43:38,7,0.9994,12.9694,1.01,ANN_Scratch_v1
2026-08-23 15:43:40,7,1.0,27.7589,1.0,ANN_Scratch_v1
2026-08-23 15:43:42,5,1.0,30.7207,0.58,ANN_Scratch_v1
2026-08-23 15:43:44,2,1.0,36.6454,1.56,ANN_Scratch_v1
2026-08-23 15:43:46,3,1.0,36.0383,1.52,ANN_Scratch_v1
2026-08-23 15:43:49,5,1.0,38.1352,3.4,ANN_Scratch_v1
2026-08-23 15:43:51,5,1.0,32.2015,0.55,ANN_Scratch_v1
2026-08-23 15:43:53,2,1.0,34.2436,1.0,ANN_Scratch_v1
2026-08-23 15:43:55,0,1.0,48.8992,0.98,ANN_Scratch_v1
2026-08-23 15:43:57,0,1.0,64.8291,1.06,ANN_Scratch_v1
2026-08-23 15:43:59,0,1.0,34.2959,1.06,ANN_Scratch_v1
2026-08-23 15:44:01,3,1.0,44.1747,1.0,ANN_Scratch_v1
2026-08-23 15:44:03,0,1.0,30.3597,1.86,ANN_Scratch_v1
2026-08-23 15:44:05,7,0.9975,33.6059,1.06,ANN_Scratch_v1
2026-08-23 15:44:07,5,1.0,29.9732,0.83,ANN_Scratch_v1
2026-08-23 15:44:09,1,1.0,21.6582,2.22,ANN_Scratch_v1
2026-08-23 15:44:11,9,0.9965,33.1696,0.99,ANN_Scratch_v1
2026-08-23 15:44:13,4,1.0,22.9605,3.41,ANN_Scratch_v1
2026-08-23 15:44:15,1,1.0,20.0013,1.0,ANN_Scratch_v1
2026-08-23 15:44:17,1,1.0,15.0,1.17,ANN_Scratch_v1
2026-08-23 15:44:19,4,1.0,39.2934,0.0,ANN_Scratch_v1
2026-08-23 15:44:21,1,1.0,13.838,0.0,ANN_Scratch_v1
2026-08-23 15:44:23,5,1.0,25.1633,2.1,ANN_Scratch_v1
2026-08-23 15:44:25,6,1.0,19.2819,1.74,ANN_Scratch_v1
2026-08-23 15:44:27,3,1.0,47.2462,0.57,ANN_Scratch_v1
2026-08-23 15:44:29,1,1.0,21.0217,0.0,ANN_Scratch_v1
2026-08-23 15:44:32,9,1.0,26.8648,0.0,ANN_Scratch_v1
2026-08-23 15:44:34,4,1.0,32.3125,1.35,ANN_Scratch_v1
2026-08-23 15:44:36,6,1.0,31.7806,0.99,ANN_Scratch_v1
2026-08-23 15:44:38,3,1.0,40.4439,0.0,ANN_Scratch_v1
2026-08-23 15:44:40,2,1.0,35.4949,1.23,ANN_Scratch_v1
2026-08-23 15:44:42,1,1.0,13.537,1.08,ANN_Scratch_v1
2026-08-23 15:44:44,1,1.0,21.4974,1.08,ANN_Scratch_v1
2026-08-23 15:44:46,5,1.0,38.7423,1.57,ANN_Scratch_v1
2026-08-23 15:44:48,9,1.0,33.0038,1.16,ANN_Scratch_v1
2026-08-23 15:44:50,2,1.0,50.9401,1.58,ANN_Scratch_v1
2026-08-23 15:44:52,8,1.0,29.889,1.34,ANN_Scratch_v1
2026-08-23 15:44:54,2,1.0,29.9821,1.51,ANN_Scratch_v1
2026-08-23 15:44:56,1,1.0,13.2959,1.47,ANN_Scratch_v1
2026-08-23 15:44:58,4,1.0,31.9426,0.0,ANN_Scratch_v1
2026-08-23 15:45:00,6,1.0,27.7156,1.04,ANN_Scratch_v1
2026-08-23 15:45:02,4,1.0,27.5383,0.0,ANN_Scratch_v1
2026-08-23 15:45:04,5,1.0,23.9503,0.97,ANN_Scratch_v1
2026-08-23 15:45:07,8,1.0,44.4158,1.01,ANN_Scratch_v1
2026-08-23 15:45:09,3,1.0,28.8865,1.0,ANN_Scratch_v1
2026-08-23 15:45:11,2,1.0,39.2092,0.99,ANN_Scratch_v1
2026-08-23 15:45:13,0,1.0,51.2423,0.0,ANN_Scratch_v1
2026-08-23 15:45:15,2,1.0,53.9566,2.01,ANN_Scratch_v1
2026-08-23 15:45:17,3,1.0,28.7372,1.02,ANN_Scratch_v1
2026-08-23 15:45:19,7,1.0,22.3788,1.0,ANN_Scratch_v1
2026-08-23 15:45:21,6,1.0,28.051,1.04,ANN_Scratch_v1
2026-08-23 15:45:23,1,1.0,19.1365,0.0,ANN_Scratch_v1
2026-08-23 15:45:25,5,1.0,39.6811,1.03,ANN_Scratch_v1
2026-08-23 15:45:27,7,1.0,34.2245,1.93,ANN_Scratch_v1
2026-08-23 15:45:29,4,1.0,28.4541,1.38,ANN_Scratch_v1
2026-08-23 15:45:31,7,1.0,23.2819,1.53,ANN_Scratch_v1
2026-08-23 15:45:33,8,0.9966,74.1735,1.56,ANN_Scratch_v1
2026-08-23 15:45:35,4,1.0,27.1888,1.06,ANN_Scratch_v1
2026-08-23 15:45:37,9,1.0,24.4286,1.34,ANN_Scratch_v1
2026-08-23 15:45:40,4,1.0,28.9885,0.94,ANN_Scratch_v1
2026-08-23 15:45:42,3,1.0,57.1186,1.0,ANN_Scratch_v1
2026-08-23 15:45:44,6,1.0,42.9222,1.02,ANN_Scratch_v1
2026-08-23 15:45:46,7,1.0,62.7742,0.0,ANN_Scratch_v1
2026-08-23 15:45:48,9,0.9949,26.3023,0.0,ANN_Scratch_v1
2026-08-23 15:45:50,6,1.0,25.9235,0.6,ANN_Scratch_v1
2026-08-23 15:45:52,9,1.0,29.1314,1.59,ANN_Scratch_v1
2026-08-23 15:45:54,8,1.0,53.5128,2.05,ANN_Scratch_v1
2026-08-23 15:45:56,3,1.0,33.6633,0.99,ANN_Scratch_v1
2026-08-23 15:45:58,7,1.0,16.5013,11.49,ANN_Scratch_v1
2026-08-23 15:46:00,3,0.9981,48.4247,8.36,ANN_Scratch_v1
2026-08-23 15:46:02,0,1.0,69.602,1.0,ANN_Scratch_v1
2026-08-23 15:46:04,4,1.0,28.9158,0.99,ANN_Scratch_v1
2026-08-23 15:46:06,7,1.0,26.5038,0.93,ANN_Scratch_v1
2026-08-23 15:46:08,8,1.0,31.7844,0.99,ANN_Scratch_v1
2026-08-23 15:46:10,4,1.0,38.5408,1.08,ANN_Scratch_v1
2026-08-23 15:46:12,9,0.9847,16.6849,0.0,ANN_Scratch_v1
2026-08-23 15:46:14,3,1.0,27.8559,1.11,ANN_Scratch_v1
2026-08-23 15:46:16,5,1.0,36.9617,0.0,ANN_Scratch_v1
2026-08-23 15:46:19,2,1.0,35.2245,1.03,ANN_Scratch_v1
2026-08-23 15:46:21,3,1.0,46.2679,0.52,ANN_Scratch_v1
2026-08-23 15:46:23,9,1.0,25.648,1.0,ANN_Scratch_v1
2026-08-23 15:46:25,2,1.0,35.5472,1.37,ANN_Scratch_v1
2026-08-23 15:46:27,1,1.0,15.8571,1.0,ANN_Scratch_v1
2026-08-23 15:46:29,7,1.0,24.2385,2.63,ANN_Scratch_v1
2026-08-23 15:46:31,8,1.0,38.7934,1.06,ANN_Scratch_v1
2026-08-23 15:46:33,8,1.0,45.5102,1.01,ANN_Scratch_v1
2026-08-23 15:46:35,6,0.9253,42.926,0.94,ANN_Scratch_v1
2026-08-23 15:46:37,1,1.0,14.8202,0.97,ANN_Scratch_v1
2026-08-23 15:46:39,7,1.0,33.4298,0.0,ANN_Scratch_v1
2026-08-23 15:46:41,1,1.0,18.4133,1.65,ANN_Scratch_v1
2026-08-23 15:46:43,0,1.0,42.0268,0.0,ANN_Scratch_v1
2026-08-23 15:46:45,2,1.0,24.9911,4.7,ANN_Scratch_v1
2026-08-23 15:46:47,2,1.0,34.4885,0.0,ANN_Scratch_v1
2026-08-23 15:46:50,1,1.0,20.4018,0.0,ANN_Scratch_v1
2026-08-23 15:46:52,3,1.0,37.9872,1.1,ANN_Scratch_v1
2026-08-23 15:46:54,8,0.9998,37.736,0.0,ANN_Scratch_v1
2026-08-23 15:46:56,0,1.0,52.986,2.03,ANN_Scratch_v1
2026-08-23 15:46:58,8,0.9999,46.4222,0.0,ANN_Scratch_v1
2026-08-23 15:47:00,5,1.0,37.0931,0.0,ANN_Scratch_v1
2026-08-23 15:47:02,9,0.9885,46.648,1.0,ANN_Scratch_v1
2026-08-23 15:47:04,7,1.0,20.3151,0.72,ANN_Scratch_v1
2026-08-23 15:47:06,4,1.0,57.5612,0.59,ANN_Scratch_v1
2026-08-23 15:47:08,0,1.0,31.5408,0.98,ANN_Scratch_v1
2026-08-23 15:47:10,0,1.0,29.051,1.52,ANN_Scratch_v1
2026-08-23 15:47:12,3,0.9998,46.4962,1.59,ANN_Scratch_v1
2026-08-23 15:47:14,1,1.0,18.9758,1.08,ANN_Scratch_v1
2026-08-23 15:47:16,1,1.0,15.9439,0.98,ANN_Scratch_v1
2026-08-23 15:47:18,3,1.0,28.6952,1.08,ANN_Scratch_v1
2026-08-23 15:47:21,4,1.0,50.6977,2.52,ANN_Scratch_v1
2026-08-23 15:47:23,4,1.0,29.5306,1.07,ANN_Scratch_v1
2026-08-23 15:47:25,3,1.0,42.9286,2.54,ANN_Scratch_v1
2026-08-23 15:47:27,1,0.7476,45.9647,1.37,ANN_Scratch_v1
2026-08-23 15:47:29,1,0.823,27.8624,2.0,ANN_Scratch_v1
2026-08-23 15:47:31,4,0.9941,47.9991,2.27,ANN_Scratch_v1
2026-08-23 15:47:33,8,0.7298,26.2702,1.0,ANN_Scratch_v1
2026-08-23 15:47:35,8,0.5641,59.4172,0.0,ANN_Scratch_v1
2026-08-23 15:47:37,7,1.0,47.6334,0.0,ANN_Scratch_v1
2026-08-23 15:47:39,3,1.0,50.9375,0.0,ANN_Scratch_v1
2026-08-23 15:47:41,1,0.3737,27.1894,5.14,ANN_Scratch_v1
2026-08-23 15:47:43,2,1.0,48.7318,0.0,ANN_Scratch_v1
2026-08-23 15:47:45,4,1.0,43.8937,0.0,ANN_Scratch_v1
2026-08-23 15:47:47,8,0.8339,33.6449,0.0,ANN_Scratch_v1
2026-08-23 15:47:49,9,0.7565,40.7344,0.0,ANN_Scratch_v1
2026-08-23 15:47:51,3,1.0,37.3774,2.9,ANN_Scratch_v1
2026-08-23 15:47:54,4,0.4113,45.6833,2.64,ANN_Scratch_v1
2026-08-23 15:47:56,2,1.0,39.2237,0.0,ANN_Scratch_v1
2026-08-23 15:47:58,7,0.9999,38.1888,1.51,ANN_Scratch_v1
2026-08-23 15:48:00,1,0.9988,35.7429,0.0,ANN_Scratch_v1
2026-08-23 15:48:02,8,0.9859,42.8274,0.0,ANN_Scratch_v1
2026-08-23 15:48:04,2,1.0,50.9014,0.0,ANN_Scratch_v1
2026-08-23 15:48:06,2,1.0,50.5401,0.0,ANN_Scratch_v1
2026-08-23 15:48:08,4,0.9999,58.7584,0.0,ANN_Scratch_v1
2026-08-23 15:48:10,6,0.9695,48.391,0.0,ANN_Scratch_v1
2026-08-23 15:48:12,4,0.4728,42.8066,0.0,ANN_Scratch_v1
2026-08-23 15:48:14,2,1.0,58.6343,0.89,ANN_Scratch_v1
2026-08-23 15:48:16,0,0.9925,48.6216,0.0,ANN_Scratch_v1
2026-08-23 15:48:18,2,1.0,46.1853,0.0,ANN_Scratch_v1
2026-08-23 15:48:20,0,1.0,41.9243,5.03,ANN_Scratch_v1
2026-08-23 15:48:21,5,1.0,233.764,10.09,ANN_Scratch_v1
2026-08-23 15:48:23,5,1.0,50.3706,0.0,ANN_Scratch_v1
2026-08-23 15:48:25,6,1.0,52.1645,0.0,ANN_Scratch_v1
2026-08-23 15:48:27,2,1.0,56.31,2.75,ANN_Scratch_v1
2026-08-23 15:48:29,1,0.7055,29.7199,0.0,ANN_Scratch_v1
2026-08-23 15:48:31,8,0.7726,33.9454,4.7,ANN_Scratch_v1
2026-08-23 15:48:33,6,0.7512,53.7633,0.0,ANN_Scratch_v1
2026-08-23 15:48:35,1,0.7883,44.7696,0.0,ANN_Scratch_v1
2026-08-23 15:48:37,9,0.9924,40.1707,0.0,ANN_Scratch_v1
2026-08-23 15:48:39,8,0.9983,41.4953,0.0,ANN_Scratch_v1
2026-08-23 15:48:41,0,0.5739,36.4862,5.33,ANN_Scratch_v1
2026-08-23 15:48:43,8,0.8838,60.8315,0.0,ANN_Scratch_v1
2026-08-23 15:48:45,4,1.0,39.3217,3.33,ANN_Scratch_v1
2026-08-23 15:48:47,6,1.0,51.0569,0.0,ANN_Scratch_v1
2026-08-23 15:48:49,2,0.9988,40.405,0.0,ANN_Scratch_v1
2026-08-23 15:48:51,2,1.0,51.088,0.0,ANN_Scratch_v1
2026-08-23 15:48:54,8,0.9998,52.0394,2.52,ANN_Scratch_v1
2026-08-23 15:48:56,6,1.0,54.908,0.0,ANN_Scratch_v1
2026-08-23 15:48:58,7,0.876,44.4768,4.73,ANN_Scratch_v1
2026-08-23 15:49:00,2,1.0,53.7991,0.0,ANN_Scratch_v1
2026-08-23 15:49:02,6,1.0,58.1782,3.05,ANN_Scratch_v1
2026-08-23 15:49:04,4,0.9999,50.3087,0.0,ANN_Scratch_v1
2026-08-23 15:49:06,1,1.0,32.9812,0.0,ANN_Scratch_v1
2026-08-23 15:49:08,8,0.2786,26.662,0.0,ANN_Scratch_v1
2026-08-23 15:49:10,2,0.5913,29.4364,1.56,ANN_Scratch_v1
2026-08-23 15:49:12,4,0.9992,41.2104,6.3,ANN_Scratch_v1
2026-08-23 15:49:14,3,0.7306,45.1867,0.0,ANN_Scratch_v1
2026-08-23 15:49:16,2,1.0,53.1721,2.02,ANN_Scratch_v1
2026-08-23 15:49:18,8,0.3517,38.6225,0.0,ANN_Scratch_v1
2026-08-23 15:49:20,1,1.0,33.1426,1.51,ANN_Scratch_v1
2026-08-23 15:49:22,5,1.0,49.369,0.0,ANN_Scratch_v1
2026-08-23 15:49:25,8,0.4055,39.2604,0.0,ANN_Scratch_v1
2026-08-23 15:49:27,1,0.9897,34.7869,2.02,ANN_Scratch_v1
2026-08-23 15:49:29,0,1.0,52.688,2.05,ANN_Scratch_v1
2026-08-23 15:49:31,8,0.6187,41.7859,0.0,ANN_Scratch_v1
2026-08-23 15:49:33,8,0.9946,39.143,1.74,ANN_Scratch_v1
2026-08-23 15:49:35,3,0.9977,36.258,0.0,ANN_Scratch_v1
2026-08-23 15:49:37,6,1.0,63.4429,0.0,ANN_Scratch_v1
2026-08-23 15:49:39,7,0.9984,35.2896,0.0,ANN_Scratch_v1
2026-08-23 15:49:41,2,1.0,49.1518,0.0,ANN_Scratch_v1
2026-08-23 15:49:43,5,1.0,43.2113,0.0,ANN_Scratch_v1
2026-08-23 15:49:45,2,1.0,48.755,0.0,ANN_Scratch_v1
2026-08-23 15:49:47,5,1.0,43.5284,0.0,ANN_Scratch_v1
2026-08-23 15:49:49,7,0.9978,41.5066,2.02,ANN_Scratch_v1
2026-08-23 15:49:51,2,1.0,43.5244,2.6,ANN_Scratch_v1
2026-08-23 15:49:54,2,1.0,73.9608,1.32,ANN_Scratch_v1
2026-08-23 15:49:56,4,0.8062,38.8086,0.0,ANN_Scratch_v1
2026-08-23 15:49:58,2,1.0,42.8715,2.7,ANN_Scratch_v1
2026-08-23 15:50:00,2,1.0,55.6464,0.0,ANN_Scratch_v1
2026-08-23 15:50:02,9,0.9897,51.1979,0.0,ANN_Scratch_v1
2026-08-23 15:50:04,8,0.9324,41.0686,0.0,ANN_Scratch_v1
2026-08-23 15:50:06,1,0.9209,30.7208,0.0,ANN_Scratch_v1
2026-08-23 15:50:08,1,1.0,33.4289,1.02,ANN_Scratch_v1
2026-08-23 15:50:10,9,0.9913,39.8403,0.0,ANN_Scratch_v1
2026-08-23 15:50:12,5,0.5987,31.9011,0.0,ANN_Scratch_v1
2026-08-23 15:50:14,3,0.6566,37.5513,0.0,ANN_Scratch_v1
2026-08-23 15:50:16,8,0.9999,45.4468,0.0,ANN_Scratch_v1
2026-08-23 15:50:18,0,1.0,50.6821,0.0,ANN_Scratch_v1
2026-08-23 15:50:20,3,1.0,44.2577,0.0,ANN_Scratch_v1
2026-08-23 15:50:22,1,0.286,29.7894,2.51,ANN_Scratch_v1
2026-08-23 15:50:24,1,0.9999,30.0714,2.33,ANN_Scratch_v1
2026-08-23 15:50:27,8,0.8848,43.0694,0.0,ANN_Scratch_v1
2026-08-23 15:50:29,4,0.9995,40.378,0.99,ANN_Scratch_v1
2026-08-23 15:50:31,0,0.9643,56.8275,1.04,ANN_Scratch_v1
2026-08-23 15:50:33,7,0.8602,46.8703,1.39,ANN_Scratch_v1
2026-08-23 15:50:35,3,1.0,53.406,1.23,ANN_Scratch_v1
2026-08-23 15:50:37,4,0.773,30.8937,2.01,ANN_Scratch_v1
2026-08-23 15:50:39,7,0.9989,40.068,1.43,ANN_Scratch_v1
2026-08-23 15:50:41,2,0.8705,34.8068,1.07,ANN_Scratch_v1
2026-08-23 15:50:43,1,1.0,35.6385,1.02,ANN_Scratch_v1
2026-08-23 15:50:45,3,1.0,55.1385,1.0,ANN_Scratch_v1
2026-08-23 15:50:47,2,1.0,57.5009,1.04,ANN_Scratch_v1
2026-08-23 15:50:49,1,0.5588,26.4307,0.97,ANN_Scratch_v1
2026-08-23 15:50:51,6,0.8837,38.6938,7.64,ANN_Scratch_v1
2026-08-23 15:50:53,3,1.0,57.2805,2.33,ANN_Scratch_v1
2026-08-23 15:50:55,1,1.0,35.0641,1.03,ANN_Scratch_v1
2026-08-23 15:50:57,6,0.5154,39.5078,1.12,ANN_Scratch_v1
2026-08-23 15:51:00,3,1.0,58.0385,1.05,ANN_Scratch_v1
2026-08-23 15:51:02,7,0.8445,35.3828,1.92,ANN_Scratch_v1
2026-08-23 15:51:04,8,0.5281,26.0398,1.74,ANN_Scratch_v1
2026-08-23 15:51:06,1,1.0,41.906,1.53,ANN_Scratch_v1
2026-08-23 15:51:08,5,0.5596,38.1173,1.0,ANN_Scratch_v1
2026-08-23 15:51:10,6,0.4712,40.9879,0.0,ANN_Scratch_v1
2026-08-23 15:51:12,2,1.0,53.4701,0.0,ANN_Scratch_v1
2026-08-23 15:51:14,8,0.8771,40.0457,1.93,ANN_Scratch_v1
2026-08-23 15:51:16,6,1.0,36.1787,0.0,ANN_Scratch_v1
2026-08-23 15:51:18,3,0.9999,61.1897,1.55,ANN_Scratch_v1
2026-08-23 15:51:20,2,1.0,47.2863,1.52,ANN_Scratch_v1
2026-08-23 15:51:22,6,0.9995,52.2503,1.03,ANN_Scratch_v1
2026-08-23 15:51:24,8,0.9742,48.9829,0.0,ANN_Scratch_v1
2026-08-23 15:51:26,8,0.9489,68.9701,1.02,ANN_Scratch_v1
2026-08-23 15:51:28,9,0.9922,48.4689,0.99,ANN_Scratch_v1
2026-08-23 15:51:30,3,1.0,49.4511,0.0,ANN_Scratch_v1
2026-08-23 15:51:33,3,1.0,41.2103,3.15,ANN_Scratch_v1
2026-08-23 15:51:35,8,0.9978,43.4184,0.72,ANN_Scratch_v1
2026-08-23 15:51:37,3,0.9999,51.6563,1.06,ANN_Scratch_v1
2026-08-23 15:51:39,2,1.0,55.5759,0.93,ANN_Scratch_v1
2026-08-23 15:51:41,9,0.9774,35.61,1.95,ANN_Scratch_v1
2026-08-23 15:51:43,5,0.9959,52.7635,0.94,ANN_Scratch_v1
2026-08-23 15:51:45,0,1.0,72.3083,0.0,ANN_Scratch_v1
2026-08-23 15:51:47,3,1.0,50.5312,1.25,ANN_Scratch_v1
2026-08-23 15:51:49,8,0.9096,38.7845,1.58,ANN_Scratch_v1
2026-08-23 15:51:51,7,0.9394,37.0924,0.43,ANN_Scratch_v1
2026-08-23 15:51:53,5,1.0,41.5585,0.0,ANN_Scratch_v1
2026-08-23 15:51:55,7,0.9984,36.6599,1.03,ANN_Scratch_v1
2026-08-23 15:51:57,5,1.0,43.7675,0.99,ANN_Scratch_v1
2026-08-23 15:51:59,2,1.0,45.4861,1.09,ANN_Scratch_v1
2026-08-23 15:52:02,3,0.9717,33.4076,1.0,ANN_Scratch_v1
2026-08-23 15:52:04,6,0.7644,39.5512,0.94,ANN_Scratch_v1
2026-08-23 15:52:06,3,0.9996,55.7903,1.61,ANN_Scratch_v1
2026-08-23 15:52:08,6,1.0,53.4759,2.02,ANN_Scratch_v1
2026-08-23 15:52:10,6,0.9942,73.1568,0.94,ANN_Scratch_v1
2026-08-23 15:52:12,8,0.9967,41.1674,1.05,ANN_Scratch_v1
2026-08-23 15:52:14,5,1.0,36.5441,1.01,ANN_Scratch_v1
2026-08-23 15:52:16,5,1.0,36.7415,1.0,ANN_Scratch_v1
2026-08-23 15:52:18,2,0.7107,41.8691,1.1,ANN_Scratch_v1
2026-08-23 15:52:20,6,0.9947,44.1839,0.0,ANN_Scratch_v1
2026-08-23 15:52:22,0,1.0,53.9176,1.51,ANN_Scratch_v1
2026-08-23 15:52:24,2,0.9997,41.5355,1.0,ANN_Scratch_v1
2026-08-23 15:52:26,5,0.9998,34.508,1.59,ANN_Scratch_v1
2026-08-23 15:52:28,1,0.4326,42.8722,1.01,ANN_Scratch_v1
2026-08-23 15:52:30,2,1.0,45.3169,0.0,ANN_Scratch_v1
2026-08-23 15:52:32,6,0.9971,60.9871,0.0,ANN_Scratch_v1
2026-08-23 15:52:34,0,1.0,41.7332,1.0,ANN_Scratch_v1
2026-08-23 15:52:36,6,0.9998,51.1768,1.0,ANN_Scratch_v1
2026-08-23 15:52:39,2,0.9997,46.2915,0.99,ANN_Scratch_v1
2026-08-23 15:52:41,5,0.8623,27.1932,1.0,ANN_Scratch_v1
2026-08-23 15:52:43,7,0.3557,34.2171,1.01,ANN_Scratch_v1
2026-08-23 15:52:45,5,0.9999,64.5855,1.11,ANN_Scratch_v1
2026-08-23 15:52:47,7,0.9325,50.4569,0.0,ANN_Scratch_v1
2026-08-23 15:52:49,9,0.9167,46.5685,0.0,ANN_Scratch_v1
2026-08-23 15:52:51,3,1.0,42.2155,0.99,ANN_Scratch_v1
2026-08-23 15:52:53,4,0.9998,48.1703,0.99,ANN_Scratch_v1
2026-08-23 15:52:55,4,0.9993,46.5987,1.53,ANN_Scratch_v1
2026-08-23 15:52:57,5,0.9905,54.7058,0.87,ANN_Scratch_v1
2026-08-23 15:52:59,8,0.8909,54.069,1.0,ANN_Scratch_v1
2026-08-23 15:53:01,8,0.9999,40.537,0.96,ANN_Scratch_v1
2026-08-23 15:53:03,6,1.0,34.722,1.55,ANN_Scratch_v1
2026-08-23 15:53:05,6,0.996,35.6973,1.0,ANN_Scratch_v1
2026-08-23 15:53:07,6,0.988,48.2903,0.0,ANN_Scratch_v1
2026-08-23 15:53:10,2,1.0,48.9899,1.07,ANN_Scratch_v1
2026-08-23 15:53:12,2,1.0,45.7319,1.94,ANN_Scratch_v1
2026-08-23 15:53:14,1,1.0,37.9593,0.99,ANN_Scratch_v1
2026-08-23 15:53:16,1,0.6153,32.7089,0.52,ANN_Scratch_v1
2026-08-23 15:53:18,4,0.9999,42.4112,1.33,ANN_Scratch_v1
2026-08-23 15:53:20,7,0.5906,45.8063,1.56,ANN_Scratch_v1
2026-08-23 15:53:22,9,0.8322,38.6747,1.03,ANN_Scratch_v1
2026-08-23 15:53:24,5,1.0,43.1261,1.0,ANN_Scratch_v1
2026-08-23 15:53:26,8,0.8064,69.5026,1.0,ANN_Scratch_v1
2026-08-23 15:53:28,4,0.7636,30.2106,0.99,ANN_Scratch_v1
2026-08-23 15:53:30,1,1.0,26.5771,0.96,ANN_Scratch_v1
2026-08-23 15:53:32,5,1.0,38.7918,0.0,ANN_Scratch_v1
2026-08-23 15:53:34,1,1.0,29.9146,2.27,ANN_Scratch_v1
2026-08-23 15:53:36,9,0.6847,59.1763,1.58,ANN_Scratch_v1
2026-08-23 15:53:38,3,1.0,44.1616,0.0,ANN_Scratch_v1
2026-08-23 15:53:40,8,0.9999,44.3879,0.0,ANN_Scratch_v1
2026-08-23 15:53:43,0,1.0,52.5989,1.02,ANN_Scratch_v1
2026-08-23 15:53:45,7,0.9982,43.6169,0.97,ANN_Scratch_v1
2026-08-23 15:53:47,0,1.0,48.3267,1.0,ANN_Scratch_v1
2026-08-23 15:53:49,8,1.0,41.1025,1.98,ANN_Scratch_v1
2026-08-23 15:53:51,1,0.8528,41.4857,0.0,ANN_Scratch_v1
2026-08-23 15:53:53,2,1.0,59.1457,1.93,ANN_Scratch_v1
2026-08-23 15:53:55,3,0.9985,41.8784,0.99,ANN_Scratch_v1
2026-08-23 15:53:57,8,0.169,26.1113,0.99,ANN_Scratch_v1
2026-08-23 15:53:59,7,0.6867,40.8238,1.39,ANN_Scratch_v1
2026-08-23 15:54:01,5,0.9999,42.45,1.15,ANN_Scratch_v1
2026-08-23 15:54:03,2,1.0,48.1601,1.0,ANN_Scratch_v1
2026-08-23 15:54:05,3,1.0,46.5006,1.03,ANN_Scratch_v1
2026-08-23 15:54:07,5,1.0,49.9012,0.98,ANN_Scratch_v1
2026-08-23 15:54:09,5,0.7824,43.5303,0.95,ANN_Scratch_v1
2026-08-23 15:54:11,2,1.0,45.9643,0.0,ANN_Scratch_v1
2026-08-23 15:54:13,0,1.0,59.112,1.11,ANN_Scratch_v1
2026-08-23 15:54:15,0,1.0,74.2923,1.45,ANN_Scratch_v1
2026-08-23 15:54:18,0,1.0,47.6709,1.12,ANN_Scratch_v1
2026-08-23 15:54:20,3,0.9995,54.8153,1.01,ANN_Scratch_v1
2026-08-23 15:54:22,0,1.0,42.4564,2.03,ANN_Scratch_v1
2026-08-23 15:54:24,9,0.5047,45.6246,0.0,ANN_Scratch_v1
2026-08-23 15:54:26,5,1.0,41.1876,0.0,ANN_Scratch_v1
2026-08-23 15:54:28,9,0.4967,34.4418,1.01,ANN_Scratch_v1
2026-08-23 15:54:30,9,0.9493,44.6046,0.0,ANN_Scratch_v1
2026-08-23 15:54:32,4,0.9798,36.1919,1.06,ANN_Scratch_v1
2026-08-23 15:54:34,1,1.0,32.3606,1.02,ANN_Scratch_v1
2026-08-23 15:54:36,1,0.952,27.9129,0.94,ANN_Scratch_v1
2026-08-23 15:54:38,4,0.9995,50.823,1.58,ANN_Scratch_v1
2026-08-23 15:54:40,1,0.9998,27.0684,0.94,ANN_Scratch_v1
2026-08-23 15:54:42,5,1.0,37.4555,1.01,ANN_Scratch_v1
2026-08-23 15:54:44,8,0.41,33.3073,0.96,ANN_Scratch_v1
2026-08-23 15:54:46,3,0.9991,57.6835,1.53,ANN_Scratch_v1
2026-08-23 15:54:49,1,0.9937,34.9811,1.0,ANN_Scratch_v1
2026-08-23 15:54:51,9,0.9383,40.0478,0.0,ANN_Scratch_v1
2026-08-23 15:54:53,4,0.9965,45.7224,1.02,ANN_Scratch_v1
2026-08-23 15:54:55,6,1.0,42.7258,0.0,ANN_Scratch_v1
2026-08-23 15:54:57,3,0.9998,51.3736,0.0,ANN_Scratch_v1
2026-08-23 15:54:59,2,1.0,48.2687,1.0,ANN_Scratch_v1
2026-08-23 15:55:01,1,0.8321,27.6534,0.0,ANN_Scratch_v1
2026-08-23 15:55:03,1,1.0,33.2481,1.05,ANN_Scratch_v1
2026-08-23 15:55:05,5,0.9675,49.8801,0.95,ANN_Scratch_v1
2026-08-23 15:55:07,9,0.9987,45.0617,1.01,ANN_Scratch_v1
2026-08-23 15:55:09,2,1.0,61.4042,0.0,ANN_Scratch_v1
2026-08-23 15:55:11,8,1.0,42.8725,0.0,ANN_Scratch_v1
2026-08-23 15:55:13,2,1.0,41.8406,1.54,ANN_Scratch_v1
2026-08-23 15:55:15,1,0.9556,28.0346,1.04,ANN_Scratch_v1
2026-08-23 15:55:17,4,0.9999,44.3212,1.02,ANN_Scratch_v1
2026-08-23 15:55:19,5,0.4468,41.4715,8.06,ANN_Scratch_v1
2026-08-23 15:55:22,4,0.7489,40.7987,1.02,ANN_Scratch_v1
2026-08-23 15:55:24,5,0.9996,37.4808,0.62,ANN_Scratch_v1
2026-08-23 15:55:26,8,1.0,56.1941,1.11,ANN_Scratch_v1
2026-08-23 15:55:28,3,0.9999,41.4059,0.0,ANN_Scratch_v1
2026-08-23 15:55:30,2,1.0,50.8987,1.0,ANN_Scratch_v1
2026-08-23 15:55:32,0,0.993,61.9976,0.95,ANN_Scratch_v1
2026-08-23 15:55:34,2,1.0,62.5781,0.0,ANN_Scratch_v1
2026-08-23 15:55:36,3,0.9999,41.2114,0.98,ANN_Scratch_v1
2026-08-23 15:55:38,2,0.4913,34.8448,1.0,ANN_Scratch_v1
2026-08-23 15:55:40,6,0.98,40.8458,1.0,ANN_Scratch_v1
2026-08-23 15:55:42,1,0.9965,32.608,0.0,ANN_Scratch_v1
2026-08-23 15:55:44,5,1.0,49.7017,2.09,ANN_Scratch_v1
2026-08-23 15:55:46,7,0.776,45.891,0.62,ANN_Scratch_v1
2026-08-23 15:55:48,4,0.9084,40.8167,0.0,ANN_Scratch_v1
2026-08-23 15:55:50,7,0.9384,35.4151,1.44,ANN_Scratch_v1
2026-08-23 15:55:52,8,0.9887,82.0987,1.11,ANN_Scratch_v1
2026-08-23 15:55:55,4,0.9915,39.8858,1.06,ANN_Scratch_v1
2026-08-23 15:55:57,9,0.997,37.7392,1.02,ANN_Scratch_v1
2026-08-23 15:55:59,4,0.9985,41.2879,0.99,ANN_Scratch_v1
2026-08-23 15:56:01,3,0.9993,64.6363,1.04,ANN_Scratch_v1
2026-08-23 15:56:03,6,1.0,53.9018,1.16,ANN_Scratch_v1
2026-08-23 15:56:05,7,1.0,72.1426,1.01,ANN_Scratch_v1
2026-08-23 15:56:07,9,0.4045,38.4723,0.99,ANN_Scratch_v1
2026-08-23 15:56:09,5,0.3966,38.7242,1.0,ANN_Scratch_v1
2026-08-23 15:56:11,9,0.6747,40.9549,0.5,ANN_Scratch_v1
2026-08-23 15:56:13,8,0.9928,63.2945,1.06,ANN_Scratch_v1
2026-08-23 15:56:15,3,0.9999,47.2291,0.95,ANN_Scratch_v1
2026-08-23 15:56:17,2,0.8581,29.0679,0.0,ANN_Scratch_v1
2026-08-23 15:56:19,3,0.9954,57.2728,1.38,ANN_Scratch_v1
2026-08-23 15:56:21,0,1.0,75.7851,0.0,ANN_Scratch_v1
2026-08-23 15:56:23,4,0.8084,41.3132,3.32,ANN_Scratch_v1
2026-08-23 15:56:25,7,0.6823,39.4896,2.59,ANN_Scratch_v1
2026-08-23 15:56:27,8,0.9938,44.2689,0.94,ANN_Scratch_v1
2026-08-23 15:56:30,4,1.0,50.1918,1.6,ANN_Scratch_v1
2026-08-23 15:56:32,9,0.4826,30.5833,0.0,ANN_Scratch_v1
2026-08-23 15:56:34,3,1.0,40.0601,0.9,ANN_Scratch_v1
2026-08-23 15:56:36,5,0.9898,48.6204,94.8,ANN_Scratch_v1
2026-08-23 15:56:38,2,1.0,46.9343,1.52,ANN_Scratch_v1
2026-08-23 15:56:40,3,1.0,55.6285,1.93,ANN_Scratch_v1
2026-08-23 15:56:42,9,0.7447,38.6495,1.26,ANN_Scratch_v1
2026-08-23 15:56:44,2,1.0,49.1028,4.33,ANN_Scratch_v1
2026-08-23 15:56:46,3,0.1895,30.3087,1.0,ANN_Scratch_v1
2026-08-23 15:56:48,7,1.0,37.0988,1.47,ANN_Scratch_v1
2026-08-23 15:56:50,8,0.9004,51.4523,1.02,ANN_Scratch_v1
2026-08-23 15:56:52,8,0.9975,56.5254,2.01,ANN_Scratch_v1
2026-08-23 15:56:54,0,0.8384,53.3451,1.0,ANN_Scratch_v1
2026-08-23 15:56:56,1,0.9999,29.5974,0.4,ANN_Scratch_v1
2026-08-23 15:56:58,7,0.9996,44.9553,0.0,ANN_Scratch_v1
2026-08-23 15:57:01,1,1.0,31.9273,1.07,ANN_Scratch_v1
2026-08-23 15:57:03,0,1.0,53.3003,0.98,ANN_Scratch_v1
2026-08-23 15:57:05,2,0.9996,35.4394,1.01,ANN_Scratch_v1
2026-08-23 15:57:07,2,1.0,45.9397,1.0,ANN_Scratch_v1
2026-08-23 15:57:09,1,1.0,33.2466,0.0,ANN_Scratch_v1
2026-08-23 15:57:11,3,1.0,48.8962,1.0,ANN_Scratch_v1
2026-08-23 15:57:13,8,0.9485,48.3396,2.01,ANN_Scratch_v1
2026-08-23 15:57:15,0,1.0,63.2093,1.24,ANN_Scratch_v1
2026-08-23 15:57:17,8,0.905,55.6319,0.0,ANN_Scratch_v1
2026-08-23 15:57:19,5,1.0,49.3108,0.95,ANN_Scratch_v1
2026-08-23 15:57:21,9,0.5565,56.6016,2.77,ANN_Scratch_v1
2026-08-23 15:57:23,7,0.6976,33.2302,0.99,ANN_Scratch_v1
2026-08-23 15:57:25,4,1.0,65.9272,3.95,ANN_Scratch_v1
2026-08-23 15:57:27,0,1.0,44.2783,2.86,ANN_Scratch_v1
2026-08-23 15:57:29,0,1.0,40.4332,1.59,ANN_Scratch_v1
2026-08-23 15:57:31,3,0.9859,57.3241,2.06,ANN_Scratch_v1
2026-08-23 15:57:34,1,1.0,32.1136,0.0,ANN_Scratch_v1
2026-08-23 15:57:36,1,0.9999,29.859,1.0,ANN_Scratch_v1
2026-08-23 15:57:38,3,1.0,39.7972,1.0,ANN_Scratch_v1
2026-08-23 15:57:40,4,1.0,60.1055,0.0,ANN_Scratch_v1
2026-08-23 15:57:42,4,0.9753,41.9453,0.94,ANN_Scratch_v1
2026-08-23 15:57:44,3,1.0,53.0866,2.01,ANN_Scratch_v1
2026-08-23 15:57:46,9,0.3495,76.5938,1.0,ANN_Scratch_v1
2026-08-23 15:57:48,9,0.3324,66.2462,0.99,ANN_Scratch_v1
2026-08-23 15:57:50,8,0.6486,77.9707,0.0,ANN_Scratch_v1
2026-08-23 15:57:52,8,0.3344,65.8591,0.0,ANN_Scratch_v1
2026-08-23 15:57:54,8,0.2822,85.4279,0.0,ANN_Scratch_v1
2026-08-23 15:57:56,2,0.6572,77.2009,1.23,ANN_Scratch_v1
2026-08-23 15:57:58,3,0.5995,79.7168,1.25,ANN_Scratch_v1
2026-08-23 15:58:00,9,0.352,67.4904,0.0,ANN_Scratch_v1
2026-08-23 15:58:02,8,0.5765,79.3157,0.0,ANN_Scratch_v1
2026-08-23 15:58:05,8,0.6699,76.0032,0.0,ANN_Scratch_v1
2026-08-23 15:58:07,8,0.5262,69.3412,0.0,ANN_Scratch_v1
2026-08-23 15:58:09,9,0.3738,73.4974,6.05,ANN_Scratch_v1
2026-08-23 15:58:11,3,0.5103,72.4777,0.0,ANN_Scratch_v1
2026-08-23 15:58:13,8,0.6699,76.852,0.0,ANN_Scratch_v1
2026-08-23 15:58:15,2,0.7408,72.9534,0.0,ANN_Scratch_v1
2026-08-23 15:58:17,5,0.3448,71.8871,0.0,ANN_Scratch_v1
2026-08-23 15:58:19,9,0.3684,72.9464,0.0,ANN_Scratch_v1
2026-08-23 15:58:21,9,0.2523,74.9458,0.0,ANN_Scratch_v1
2026-08-23 15:58:23,8,0.7434,80.1562,4.03,ANN_Scratch_v1
2026-08-23 15:58:25,8,0.4738,78.5376,0.0,ANN_Scratch_v1
2026-08-23 15:58:27,8,0.6699,85.0542,0.0,ANN_Scratch_v1
2026-08-23 15:58:29,8,0.6699,78.727,2.01,ANN_Scratch_v1
2026-08-23 15:58:31,8,0.6743,74.8131,0.0,ANN_Scratch_v1
2026-08-23 15:58:33,3,0.6255,84.2003,0.0,ANN_Scratch_v1
2026-08-23 15:58:35,0,0.3695,78.6186,0.0,ANN_Scratch_v1
2026-08-23 15:58:37,8,0.7995,77.3776,2.03,ANN_Scratch_v1
2026-08-23 15:58:40,5,0.5417,75.8431,7.07,ANN_Scratch_v1
2026-08-23 15:58:42,3,0.6524,79.0733,3.19,ANN_Scratch_v1
2026-08-23 15:58:44,8,0.5541,80.3393,2.03,ANN_Scratch_v1
2026-08-23 15:58:46,8,0.6275,83.5631,1.01,ANN_Scratch_v1
2026-08-23 15:58:48,9,0.2957,66.8406,1.1,ANN_Scratch_v1
2026-08-23 15:58:50,9,0.3392,70.4177,0.62,ANN_Scratch_v1
2026-08-23 15:58:52,8,0.8914,81.4133,0.96,ANN_Scratch_v1
2026-08-23 15:58:54,9,0.3445,75.7966,1.01,ANN_Scratch_v1
2026-08-23 15:58:56,8,0.833,74.3227,1.05,ANN_Scratch_v1
2026-08-23 15:58:58,8,0.3715,75.4847,1.49,ANN_Scratch_v1
2026-08-23 15:59:00,9,0.3119,72.0912,0.0,ANN_Scratch_v1
2026-08-23 15:59:02,8,0.4158,86.1429,0.0,ANN_Scratch_v1
2026-08-23 15:59:04,8,0.6699,73.5242,1.04,ANN_Scratch_v1
2026-08-23 15:59:06,8,0.6699,79.317,1.0,ANN_Scratch_v1
2026-08-23 15:59:08,3,0.3121,73.7315,1.58,ANN_Scratch_v1
2026-08-23 15:59:11,8,0.733,80.1677,1.97,ANN_Scratch_v1
2026-08-23 15:59:13,8,0.7076,80.1856,3.4,ANN_Scratch_v1
2026-08-23 15:59:15,8,0.6767,81.9745,0.95,ANN_Scratch_v1
2026-08-23 15:59:17,9,0.3654,75.9018,0.48,ANN_Scratch_v1
2026-08-23 15:59:19,8,0.5128,81.2385,0.0,ANN_Scratch_v1
2026-08-23 15:59:21,8,0.6792,83.7073,1.48,ANN_Scratch_v1
2026-08-23 15:59:23,8,0.6699,79.2768,1.55,ANN_Scratch_v1
2026-08-23 15:59:25,9,0.3157,69.7526,0.72,ANN_Scratch_v1
2026-08-23 15:59:27,8,0.2867,65.8699,0.99,ANN_Scratch_v1
2026-08-23 15:59:29,8,0.2884,68.0676,1.73,ANN_Scratch_v1
2026-08-23 15:59:31,8,0.6699,73.9624,1.09,ANN_Scratch_v1
2026-08-23 15:59:33,3,0.6334,76.3763,1.43,ANN_Scratch_v1
2026-08-23 15:59:35,8,0.6699,82.0319,0.0,ANN_Scratch_v1
2026-08-23 15:59:37,3,0.3228,71.9847,0.56,ANN_Scratch_v1
2026-08-23 15:59:39,8,0.5018,70.1843,1.03,ANN_Scratch_v1
2026-08-23 15:59:41,5,0.9235,77.926,0.41,ANN_Scratch_v1
2026-08-23 15:59:43,8,0.2666,73.2793,1.16,ANN_Scratch_v1
2026-08-23 15:59:45,9,0.3256,71.8042,2.0,ANN_Scratch_v1
2026-08-23 15:59:48,5,0.4362,81.0427,1.01,ANN_Scratch_v1
2026-08-23 15:59:50,8,0.3015,73.9445,1.01,ANN_Scratch_v1
2026-08-23 15:59:52,8,0.6699,72.7768,1.24,ANN_Scratch_v1
2026-08-23 15:59:54,3,0.3629,72.3367,1.2,ANN_Scratch_v1
2026-08-23 15:59:56,8,0.6699,86.8884,1.52,ANN_Scratch_v1
2026-08-23 15:59:58,9,0.3255,71.6173,1.08,ANN_Scratch_v1
2026-08-23 16:00:00,8,0.6699,78.4043,0.98,ANN_Scratch_v1
2026-08-23 16:00:02,3,0.5114,75.4458,1.98,ANN_Scratch_v1
2026-08-23 16:00:04,8,0.4624,79.4879,1.57,ANN_Scratch_v1
2026-08-23 16:00:06,3,0.5309,75.4636,1.0,ANN_Scratch_v1
2026-08-23 16:00:08,8,0.6914,74.0453,1.63,ANN_Scratch_v1
2026-08-23 16:00:10,9,0.3612,75.3622,0.0,ANN_Scratch_v1
2026-08-23 16:00:12,2,0.6516,92.1798,1.17,ANN_Scratch_v1
2026-08-23 16:00:14,8,0.4172,73.4362,1.01,ANN_Scratch_v1
2026-08-23 16:00:16,8,0.642,74.8291,2.01,ANN_Scratch_v1
2026-08-23 16:00:19,2,0.957,82.5631,1.23,ANN_Scratch_v1
2026-08-23 16:00:21,8,0.284,79.9286,2.37,ANN_Scratch_v1
2026-08-23 16:00:23,8,0.8257,74.662,0.93,ANN_Scratch_v1
2026-08-23 16:00:25,9,0.3672,68.206,1.0,ANN_Scratch_v1
2026-08-23 16:00:27,8,0.3849,69.5217,1.2,ANN_Scratch_v1
2026-08-23 16:00:29,8,0.4776,74.2672,1.74,ANN_Scratch_v1
2026-08-23 16:00:31,8,0.2911,69.6601,1.08,ANN_Scratch_v1
2026-08-23 16:00:33,9,0.3396,72.9388,0.96,ANN_Scratch_v1
2026-08-23 16:00:35,8,0.3901,77.257,0.0,ANN_Scratch_v1
2026-08-23 16:00:37,0,0.4504,80.2589,1.59,ANN_Scratch_v1
2026-08-23 16:00:39,3,0.5527,76.8042,1.28,ANN_Scratch_v1
2026-08-23 16:00:41,9,0.3086,67.4388,1.97,ANN_Scratch_v1
2026-08-23 16:00:43,9,0.3731,68.1665,0.99,ANN_Scratch_v1
2026-08-23 16:00:45,8,0.4803,75.2239,1.01,ANN_Scratch_v1
2026-08-23 16:00:47,8,0.6699,74.088,1.53,ANN_Scratch_v1
2026-08-23 16:00:49,8,0.6699,83.2538,0.0,ANN_Scratch_v1
2026-08-23 16:00:52,8,0.3136,77.4069,0.98,ANN_Scratch_v1
2026-08-23 16:00:54,3,0.5423,81.6084,1.44,ANN_Scratch_v1
2026-08-23 16:00:56,8,0.6015,68.2545,1.92,ANN_Scratch_v1
2026-08-23 16:00:58,8,0.2841,74.3559,2.45,ANN_Scratch_v1
2026-08-23 16:01:00,8,0.2424,70.7181,0.96,ANN_Scratch_v1
2026-08-23 16:01:02,8,0.495,71.9917,0.96,ANN_Scratch_v1
2026-08-23 16:01:04,3,0.4242,81.7277,75.03,ANN_Scratch_v1
2026-08-23 16:01:06,2,0.9968,83.8782,1.6,ANN_Scratch_v1
2026-08-23 16:01:08,9,0.3149,66.2513,0.96,ANN_Scratch_v1
2026-08-23 16:01:10,0,0.3071,72.4337,1.49,ANN_Scratch_v1
2026-08-23 16:01:12,3,0.7598,84.2557,0.0,ANN_Scratch_v1
2026-08-23 16:01:14,8,0.3427,70.2978,1.01,ANN_Scratch_v1
2026-08-23 16:01:16,8,0.266,74.2239,1.36,ANN_Scratch_v1
2026-08-23 16:01:18,3,0.7978,84.7379,0.99,ANN_Scratch_v1
2026-08-23 16:01:20,8,0.2615,70.0619,2.23,ANN_Scratch_v1
2026-08-23 16:01:23,9,0.3592,65.0453,0.0,ANN_Scratch_v1
2026-08-23 16:01:25,8,0.4919,74.4165,1.61,ANN_Scratch_v1
2026-08-23 16:01:27,5,0.3471,72.1448,1.08,ANN_Scratch_v1
2026-08-23 16:01:29,8,0.6498,74.4994,1.93,ANN_Scratch_v1
2026-08-23 16:01:31,2,0.5299,80.6467,1.07,ANN_Scratch_v1
2026-08-23 16:01:33,8,0.4001,74.0459,1.12,ANN_Scratch_v1
2026-08-23 16:01:35,8,0.8058,71.9337,1.05,ANN_Scratch_v1
2026-08-23 16:01:37,8,0.5739,86.5459,1.15,ANN_Scratch_v1
2026-08-23 16:01:39,8,0.7119,77.6161,1.48,ANN_Scratch_v1
2026-08-23 16:01:41,8,0.6699,81.5293,1.04,ANN_Scratch_v1
2026-08-23 16:01:43,9,0.3722,78.155,0.97,ANN_Scratch_v1
2026-08-23 16:01:45,8,0.7209,90.368,0.0,ANN_Scratch_v1
2026-08-23 16:01:47,8,0.466,78.7353,1.03,ANN_Scratch_v1
2026-08-23 16:01:49,3,0.9355,77.537,2.01,ANN_Scratch_v1
2026-08-23 16:01:51,5,0.4816,73.9165,2.03,ANN_Scratch_v1
2026-08-23 16:01:53,8,0.7665,75.9828,1.98,ANN_Scratch_v1
2026-08-23 16:01:55,3,0.6112,80.3584,2.01,ANN_Scratch_v1
2026-08-23 16:01:57,8,0.7963,82.5765,0.96,ANN_Scratch_v1
2026-08-23 16:01:59,9,0.3769,70.9133,1.0,ANN_Scratch_v1
2026-08-23 16:02:01,5,0.8243,80.6741,1.14,ANN_Scratch_v1
2026-08-23 16:02:04,8,0.5237,91.8897,1.18,ANN_Scratch_v1
2026-08-23 16:02:06,8,0.3371,78.7519,1.43,ANN_Scratch_v1
2026-08-23 16:02:08,8,0.3654,72.6307,2.98,ANN_Scratch_v1
2026-08-23 16:02:10,3,0.4214,72.1148,1.01,ANN_Scratch_v1
2026-08-23 16:02:12,5,0.8976,75.3865,1.05,ANN_Scratch_v1
2026-08-23 16:02:14,8,0.528,71.7991,1.03,ANN_Scratch_v1
2026-08-23 16:02:16,5,0.8611,76.0128,1.01,ANN_Scratch_v1
2026-08-23 16:02:18,8,0.7595,76.7443,1.01,ANN_Scratch_v1
2026-08-23 16:02:20,3,0.6217,70.5242,1.31,ANN_Scratch_v1
2026-08-23 16:02:22,8,0.65,73.7251,1.07,ANN_Scratch_v1
2026-08-23 16:02:24,5,0.5917,82.6097,1.1,ANN_Scratch_v1
2026-08-23 16:02:26,8,0.4007,81.3954,1.01,ANN_Scratch_v1
2026-08-23 16:02:28,8,0.6699,93.3023,0.0,ANN_Scratch_v1
2026-08-23 16:02:30,8,0.3319,73.7436,0.99,ANN_Scratch_v1
2026-08-23 16:02:32,5,0.7615,72.463,0.0,ANN_Scratch_v1
2026-08-23 16:02:34,5,0.3037,72.1696,0.94,ANN_Scratch_v1
2026-08-23 16:02:37,8,0.2534,75.2985,1.58,ANN_Scratch_v1
2026-08-23 16:02:39,8,0.6791,76.0912,0.58,ANN_Scratch_v1
2026-08-23 16:02:41,8,0.3349,82.5478,1.0,ANN_Scratch_v1
2026-08-23 16:02:43,8,0.5216,74.1256,84.69,ANN_Scratch_v1
2026-08-23 16:02:45,5,0.7248,70.6735,0.97,ANN_Scratch_v1
2026-08-23 16:02:47,8,0.3665,75.5255,1.74,ANN_Scratch_v1
2026-08-23 16:02:49,3,0.3862,77.0306,2.64,ANN_Scratch_v1
2026-08-23 16:02:51,8,0.4766,85.0466,1.05,ANN_Scratch_v1
2026-08-23 16:02:53,8,0.5793,73.9458,1.48,ANN_Scratch_v1
2026-08-23 16:02:55,8,0.4112,80.2474,1.61,ANN_Scratch_v1
2026-08-23 16:02:57,8,0.5125,76.9503,0.41,ANN_Scratch_v1
2026-08-23 16:02:59,5,0.4036,66.4624,0.98,ANN_Scratch_v1
2026-08-23 16:03:01,3,0.397,70.1505,1.05,ANN_Scratch_v1
2026-08-23 16:03:03,5,0.6943,87.5478,0.99,ANN_Scratch_v1
2026-08-23 16:03:05,0,0.2219,79.3731,1.08,ANN_Scratch_v1
2026-08-23 16:03:07,8,0.6699,75.9452,1.0,ANN_Scratch_v1
2026-08-23 16:03:09,3,0.4456,74.5995,1.46,ANN_Scratch_v1
2026-08-23 16:03:12,8,0.6699,77.8705,1.01,ANN_Scratch_v1
2026-08-23 16:03:14,8,0.6287,76.9375,2.01,ANN_Scratch_v1
2026-08-23 16:03:16,5,0.4385,81.7143,2.07,ANN_Scratch_v1
2026-08-23 16:03:18,5,0.2536,82.5051,3.15,ANN_Scratch_v1
2026-08-23 16:03:20,8,0.8617,74.0708,1.01,ANN_Scratch_v1
2026-08-23 16:03:22,8,0.8383,71.1001,1.99,ANN_Scratch_v1
2026-08-23 16:03:24,8,0.2745,71.3157,2.04,ANN_Scratch_v1
2026-08-23 16:03:26,8,0.4086,78.4011,1.0,ANN_Scratch_v1
2026-08-23 16:03:28,8,0.6699,79.2583,2.06,ANN_Scratch_v1
2026-08-23 16:03:30,8,0.7053,76.595,0.0,ANN_Scratch_v1
2026-08-23 16:03:32,8,0.7153,73.5459,1.52,ANN_Scratch_v1
2026-08-23 16:03:34,9,0.3782,69.2972,0.94,ANN_Scratch_v1
2026-08-23 16:03:36,8,0.5778,74.3182,0.54,ANN_Scratch_v1
2026-08-23 16:03:38,3,0.3536,76.7379,0.99,ANN_Scratch_v1
2026-08-23 16:03:40,3,0.3613,71.6499,0.95,ANN_Scratch_v1
2026-08-23 16:03:43,5,0.4675,75.9056,0.0,ANN_Scratch_v1
2026-08-23 16:03:45,8,0.6699,90.0383,0.0,ANN_Scratch_v1
2026-08-23 16:03:47,9,0.2319,67.7653,1.2,ANN_Scratch_v1
2026-08-23 16:03:49,8,0.4102,66.1142,0.97,ANN_Scratch_v1
2026-08-23 16:03:51,5,0.5815,73.3508,0.94,ANN_Scratch_v1
2026-08-23 16:03:53,9,0.3143,68.1505,1.08,ANN_Scratch_v1
2026-08-23 16:03:55,8,0.6699,84.5651,1.23,ANN_Scratch_v1
2026-08-23 16:03:57,3,0.5197,77.0784,1.0,ANN_Scratch_v1
2026-08-23 16:03:59,8,0.9054,76.3941,1.04,ANN_Scratch_v1
2026-08-23 16:04:01,8,0.2687,81.1046,1.0,ANN_Scratch_v1
2026-08-23 16:04:03,9,0.3505,75.0619,1.0,ANN_Scratch_v1
2026-08-23 16:04:05,5,0.2606,78.7634,1.47,ANN_Scratch_v1
2026-08-23 16:04:07,8,0.6383,74.8807,0.0,ANN_Scratch_v1
2026-08-23 16:04:09,8,0.4373,73.6907,1.0,ANN_Scratch_v1
2026-08-23 16:04:11,8,0.5922,85.2978,1.33,ANN_Scratch_v1
2026-08-23 16:04:13,3,0.4562,74.4936,1.0,ANN_Scratch_v1
2026-08-23 16:04:15,9,0.3039,66.4847,0.0,ANN_Scratch_v1
2026-08-23 16:04:17,8,0.2562,73.8795,1.48,ANN_Scratch_v1
2026-08-23 16:04:20,5,0.3389,75.3603,1.59,ANN_Scratch_v1
2026-08-23 16:04:22,8,0.7417,78.3227,1.0,ANN_Scratch_v1
2026-08-23 16:04:24,5,0.4512,78.0191,2.04,ANN_Scratch_v1
2026-08-23 16:04:26,5,0.7785,79.0676,0.97,ANN_Scratch_v1
2026-08-23 16:04:28,3,0.5149,76.1008,2.0,ANN_Scratch_v1
2026-08-23 16:04:30,3,0.6364,77.1218,1.05,ANN_Scratch_v1
2026-08-23 16:04:32,5,0.2787,84.4496,2.06,ANN_Scratch_v1
2026-08-23 16:04:34,8,0.6699,92.4145,1.02,ANN_Scratch_v1
2026-08-23 16:04:36,0,0.4893,77.148,1.0,ANN_Scratch_v1
2026-08-23 16:04:38,8,0.7955,82.0874,1.0,ANN_Scratch_v1
2026-08-23 16:04:40,0,0.496,75.1798,1.0,ANN_Scratch_v1
2026-08-23 16:04:42,8,0.4636,76.8029,1.0,ANN_Scratch_v1
2026-08-23 16:04:44,8,0.3036,74.9866,0.0,ANN_Scratch_v1
2026-08-23 16:04:46,9,0.3056,70.8291,1.52,ANN_Scratch_v1
2026-08-23 16:04:48,8,0.6699,76.5848,0.94,ANN_Scratch_v1
2026-08-23 16:04:51,8,0.6117,71.4802,1.1,ANN_Scratch_v1
2026-08-23 16:04:53,8,0.5543,70.0006,1.3,ANN_Scratch_v1
2026-08-23 16:04:55,9,0.2882,67.5,1.04,ANN_Scratch_v1
2026-08-23 16:04:57,8,0.6699,79.6467,0.98,ANN_Scratch_v1
2026-08-23 16:04:59,9,0.3232,66.919,1.04,ANN_Scratch_v1
2026-08-23 16:05:01,8,0.6621,72.5816,0.96,ANN_Scratch_v1
2026-08-23 16:05:03,8,0.3015,69.6409,0.99,ANN_Scratch_v1
2026-08-23 16:05:05,3,0.7975,83.6231,1.6,ANN_Scratch_v1
2026-08-23 16:05:07,8,0.4637,70.5108,0.98,ANN_Scratch_v1
2026-08-23 16:05:09,8,0.4389,73.4324,1.94,ANN_Scratch_v1
2026-08-23 16:05:11,8,0.4974,76.1562,1.18,ANN_Scratch_v1
2026-08-23 16:05:13,8,0.7538,75.8903,2.06,ANN_Scratch_v1
2026-08-23 16:05:15,3,0.5958,80.2219,1.72,ANN_Scratch_v1
2026-08-23 16:05:17,8,0.6883,77.7474,1.0,ANN_Scratch_v1
2026-08-23 16:05:19,8,0.3046,66.7685,1.0,ANN_Scratch_v1
2026-08-23 16:05:21,8,0.3651,70.7487,1.0,ANN_Scratch_v1
2026-08-23 16:05:23,5,0.4683,79.3712,0.0,ANN_Scratch_v1
2026-08-23 16:05:26,8,0.7721,76.5019,1.1,ANN_Scratch_v1
2026-08-23 16:05:28,8,0.8236,85.47,0.0,ANN_Scratch_v1
2026-08-23 16:05:30,8,0.8822,74.9445,1.05,ANN_Scratch_v1
2026-08-23 16:05:32,8,0.7664,74.9911,0.98,ANN_Scratch_v1
2026-08-23 16:05:34,8,0.3544,66.648,1.09,ANN_Scratch_v1
2026-08-23 16:05:36,8,0.6699,75.9713,1.09,ANN_Scratch_v1
2026-08-23 16:05:38,5,0.2651,73.8578,0.0,ANN_Scratch_v1
2026-08-23 16:05:40,8,0.6699,73.7691,0.99,ANN_Scratch_v1
2026-08-23 16:05:42,5,0.5814,71.9751,0.96,ANN_Scratch_v1
2026-08-23 16:05:44,8,0.6699,82.2079,2.13,ANN_Scratch_v1
2026-08-23 16:05:46,3,0.3521,74.4432,1.04,ANN_Scratch_v1
2026-08-23 16:05:48,2,0.6255,79.6046,1.93,ANN_Scratch_v1
2026-08-23 16:05:50,8,0.6699,85.6212,1.57,ANN_Scratch_v1
2026-08-23 16:05:52,8,0.5458,86.9783,0.96,ANN_Scratch_v1
2026-08-23 16:05:54,9,0.3749,74.3686,1.99,ANN_Scratch_v1
2026-08-23 16:05:57,8,0.2901,71.1894,1.0,ANN_Scratch_v1
2026-08-23 16:05:59,8,0.4751,74.0255,1.56,ANN_Scratch_v1
2026-08-23 16:06:01,8,0.4075,69.5682,1.04,ANN_Scratch_v1
2026-08-23 16:06:03,5,0.8212,79.8406,1.08,ANN_Scratch_v1
2026-08-23 16:06:05,3,0.3352,77.1122,1.0,ANN_Scratch_v1
2026-08-23 16:06:07,8,0.6699,74.227,1.0,ANN_Scratch_v1
2026-08-23 16:06:09,8,0.2462,71.6409,1.0,ANN_Scratch_v1
2026-08-23 16:06:11,8,0.644,97.0867,1.04,ANN_Scratch_v1
2026-08-23 16:06:13,8,0.5524,73.5944,1.59,ANN_Scratch_v1
2026-08-23 16:06:15,8,0.2901,72.2143,1.33,ANN_Scratch_v1
2026-08-23 16:06:17,8,0.5855,74.4943,1.0,ANN_Scratch_v1
2026-08-23 16:06:19,3,0.6447,88.5593,0.0,ANN_Scratch_v1
2026-08-23 16:06:21,8,0.53,81.4611,1.94,ANN_Scratch_v1
2026-08-23 16:06:23,0,0.3138,91.3871,1.33,ANN_Scratch_v1
2026-08-23 16:06:25,5,0.2507,73.1511,1.22,ANN_Scratch_v1
2026-08-23 16:06:27,9,0.3392,72.9617,1.0,ANN_Scratch_v1
2026-08-23 16:06:29,8,0.6699,74.5657,1.05,ANN_Scratch_v1
2026-08-23 16:06:31,8,0.8279,86.7564,1.0,ANN_Scratch_v1
2026-08-23 16:06:34,3,0.8226,76.8316,0.99,ANN_Scratch_v1
2026-08-23 16:06:36,8,0.2819,68.2506,0.95,ANN_Scratch_v1
2026-08-23 16:06:38,3,0.7727,84.2124,2.25,ANN_Scratch_v1
2026-08-23 16:06:40,0,0.7224,94.801,1.93,ANN_Scratch_v1
2026-08-23 16:06:42,8,0.5103,74.4579,2.01,ANN_Scratch_v1
2026-08-23 16:06:44,9,0.3741,73.2519,1.53,ANN_Scratch_v1
2026-08-23 16:06:46,8,0.8216,75.8922,2.76,ANN_Scratch_v1
2026-08-23 16:06:48,8,0.6699,79.2704,1.93,ANN_Scratch_v1
2026-08-23 16:06:50,9,0.3029,68.3425,1.81,ANN_Scratch_v1
2026-08-23 16:06:52,3,0.5653,73.9279,0.62,ANN_Scratch_v1
2026-08-23 16:06:54,5,0.8074,78.4809,0.0,ANN_Scratch_v1
2026-08-23 16:06:56,2,0.9034,77.6122,1.04,ANN_Scratch_v1
2026-08-23 16:06:58,3,0.7755,83.1339,1.0,ANN_Scratch_v1
2026-08-23 16:07:00,8,0.277,72.824,2.0,ANN_Scratch_v1
2026-08-23 16:07:02,2,0.808,77.7736,0.51,ANN_Scratch_v1
2026-08-23 16:07:04,9,0.3702,67.9286,1.38,ANN_Scratch_v1
2026-08-23 16:07:07,8,0.2602,72.1193,2.0,ANN_Scratch_v1
2026-08-23 16:07:09,8,0.7345,79.3967,0.0,ANN_Scratch_v1
2026-08-23 16:07:11,8,0.3464,82.7551,1.07,ANN_Scratch_v1
2026-08-23 16:07:13,8,0.6354,81.463,1.45,ANN_Scratch_v1
2026-08-23 16:07:15,8,0.4524,67.4101,1.97,ANN_Scratch_v1
2026-08-23 16:07:17,8,0.3317,76.7149,1.29,ANN_Scratch_v1
2026-08-23 16:07:19,8,0.2954,69.2066,1.58,ANN_Scratch_v1
2026-08-23 16:07:21,5,0.3863,81.0134,2.03,ANN_Scratch_v1
2026-08-23 16:07:23,8,0.8192,72.4955,0.98,ANN_Scratch_v1
2026-08-23 16:07:25,2,0.9385,77.2443,2.65,ANN_Scratch_v1
2026-08-23 16:07:27,9,0.3646,70.2009,1.42,ANN_Scratch_v1
2026-08-23 16:07:29,3,0.8178,78.9936,1.93,ANN_Scratch_v1
2026-08-23 16:07:31,8,0.369,78.868,1.94,ANN_Scratch_v1
2026-08-23 16:07:33,8,0.2906,86.493,1.0,ANN_Scratch_v1
2026-08-23 16:07:36,8,0.3252,83.2111,1.62,ANN_Scratch_v1
2026-08-23 16:07:38,5,0.8821,78.5466,2.03,ANN_Scratch_v1
2026-08-23 16:07:40,8,0.3001,83.324,0.0,ANN_Scratch_v1
2026-08-23 16:07:42,3,0.3128,70.1575,1.01,ANN_Scratch_v1
2026-08-23 16:07:44,8,0.5834,88.7806,0.0,ANN_Scratch_v1
2026-08-23 16:07:46,9,0.2074,75.7704,1.0,ANN_Scratch_v1
2026-08-23 16:07:48,0,0.3221,74.5255,0.99,ANN_Scratch_v1
2026-08-23 16:07:50,3,0.6839,83.2481,0.0,ANN_Scratch_v1
2026-08-23 16:07:52,8,0.3599,69.4879,2.0,ANN_Scratch_v1
2026-08-23 16:07:54,9,0.3606,67.9719,1.61,ANN_Scratch_v1
2026-08-23 16:07:56,8,0.2836,74.3476,0.0,ANN_Scratch_v1
2026-08-23 16:07:58,8,0.4311,85.3489,1.07,ANN_Scratch_v1
2026-08-23 16:08:00,8,0.6334,74.7653,1.6,ANN_Scratch_v1
2026-08-23 16:08:02,3,0.4219,81.4643,1.0,ANN_Scratch_v1
2026-08-23 16:19:27,5,1.0,233.764,0.0,ANN_Scratch_v1
2026-08-23 16:19:29,9,0.2692,129.7105,0.0,ANN_Scratch_v1
2026-08-23 16:19:49,5,1.0,233.764,0.0,ANN_Scratch_v1
2026-08-23 16:20:54,5,1.0,233.764,0.0,ANN_Scratch_v1
